"E_Co","N_Co","E_Co","N_Co","E_Co","N_Co","E_Co","N_Co","E_Co","N_Co","E_Na","N_Na","E_Na","N_Na","E_Na","N_Na","E_Na","N_Na","E_Na","N_Na","E_Am","N_Am","E_Am","N_Am","E_Am","N_Am","E_Am","N_Am","E_Am","N_Am","E_Mix","N_Mix","E_Mix","N_Mix","E_Mix","N_Mix","E_Mix","N_Mix","E_Mix","N_Mix","E_Sr","N_Sr","E_Sr","N_Sr","E_Sr","N_Sr","E_Sr","N_Sr","E_Sr","N_Sr"
"-22.6","23","-22.3","23","-22.5","37","-22.5","83","-22.4","48","-22.6","23","-22.3","67","-22.5","45","-22.5","33","-22.4","39","-22.6","7","-22.3","56","-22.5","22","-22.5","31","-22.4","51","-22.6","30","-22.3","66","-22.5","43","-22.5","41","-22.4","129","-22.6","19","-22.3","49","-22.5","28","-22.5","33","-22.4","106"
"-10.5","282","-10.2","408","-10.8","1092","-10.5","1265","-10.32","1781","-10.5","294","-10.2","851","-10.8","1412","-10.5","721","-10.32","1640","-10.5","233","-10.2","979","-10.8","821","-10.5","705","-10.32","1295","-10.5","368","-10.2","1252","-10.8","1291","-10.5","915","-10.32","2399","-10.5","403","-10.2","972","-10.8","895","-10.5","647","-10.32","1945"
"1.7","1186","1.9","1981","0.8","4792","1.6","5199","1.77","9020","1.7","1223","1.9","3612","0.8","6621","1.6","4004","1.77","8361","1.7","1652","1.9","4582","0.8","4952","1.6","5598","1.77","8681","1.7","1771","1.9","5140","0.8","5926","1.6","5057","1.77","10507","1.7","1359","1.9","3943","0.8","4508","1.6","3856","1.77","8615"
"13.8","822","14","1729","12.4","2571","13.7","3438","13.86","4206","13.8","820","14","1634","12.4","2441","13.7","3480","13.86","4083","13.8","1545","14","2899","12.4","4643","13.7","6310","13.86","7740","13.8","1315","14","2607","12.4","3736","13.7","5348","13.86","6465","13.8","946","14","1913","12.4","2931","13.7","4016","13.86","4809"
"25.9","916","26.1","1970","24","2765","25.8","3804","25.94","4779","25.9","944","26.1","1864","24","2721","25.8","3848","25.94","4667","25.9","1200","26.1","2449","24","3706","25.8","4987","25.94","6267","25.9","1508","26.1","2905","24","4155","25.8","5831","25.94","7148","25.9","1075","26.1","2174","24","3204","25.8","4468","25.94","5273"
"38","1082","38.2","2034","35.6","3106","37.9","4095","38.03","5153","38","1012","38.2","2006","35.6","3052","37.9","4200","38.03","5058","38","1755","38.2","3806","35.6","4477","37.9","6900","38.03","8521","38","1571","38.2","3149","35.6","4508","37.9","6362","38.03","7722","38","1131","38.2","2295","35.6","3423","37.9","4650","38.03","5722"
"50.1","1178","50.3","2343","47.2","3313","50","4604","50.11","5691","50.1","1138","50.3","2246","47.2","3284","50","4599","50.11","5595","50.1","3907","50.3","7834","47.2","9770","50","15630","50.11","19478","50.1","1870","50.3","3681","47.2","5106","50","7485","50.11","9050","50.1","1266","50.3","2574","47.2","3781","50","5277","50.11","6609"
"62.2","1456","62.4","3057","58.8","4313","62.1","6041","62.2","7480","62.2","1463","62.4","2928","58.8","4208","62.1","6110","62.2","7147","62.2","4579","62.4","9045","58.8","14315","62.1","18499","62.2","23112","62.2","2290","62.4","4578","58.8","6136","62.1","9103","62.2","11112","62.2","1676","62.4","3298","58.8","4603","62.1","6590","62.2","8188"
"74.3","1883","74.6","3865","70.5","5631","74.2","7697","74.28","9548","74.3","1783","74.6","3666","70.5","5632","74.2","7561","74.28","9310","74.3","2818","74.6","5612","70.5","9935","74.2","11280","74.28","13904","74.3","2613","74.6","5313","70.5","7388","74.2","10710","74.28","13100","74.3","1959","74.6","4071","70.5","5947","74.2","8414","74.28","10112"
"86.4","1887","86.7","3818","82.1","6014","86.3","7493","86.37","9469","86.4","1881","86.7","3665","82.1","5838","86.3","7611","86.37","9032","86.4","1928","86.7","3848","82.1","6545","86.3","7770","86.37","9658","86.4","2615","86.7","5141","82.1","7930","86.3","10447","86.37","12739","86.4","2011","86.7","4170","82.1","6700","86.3","8040","86.37","9884"
"98.5","1624","98.8","3363","93.7","5400","98.3","6605","98.46","8154","98.5","1651","98.8","3331","93.7","5207","98.3","6653","98.46","8061","98.5","1611","98.8","3208","93.7","5429","98.3","6466","98.46","8165","98.5","2305","98.8","4490","93.7","7099","98.3","9425","98.46","11384","98.5","1788","98.8","3569","93.7","5822","98.3","7296","98.46","8896"
"110.6","1599","110.9","3195","105.3","5087","110.4","6393","110.54","7924","110.6","1556","110.9","3228","105.3","5050","110.4","6319","110.54","7990","110.6","1584","110.9","3038","105.3","4958","110.4","6261","110.54","7805","110.6","2258","110.9","4543","105.3","6648","110.4","9241","110.54","11026","110.6","1699","110.9","3343","105.3","5486","110.4","7136","110.54","8532"
"122.8","1731","123","3303","116.9","5131","122.5","6801","122.63","8301","122.8","1705","123","3378","116.9","5153","122.5","6638","122.63","8160","122.8","1681","123","3168","116.9","5185","122.5","6559","122.63","8257","122.8","2350","123","4527","116.9","6988","122.5","9359","122.63","11634","122.8","1803","123","3494","116.9","5575","122.5","7152","122.63","8987"
"134.9","1707","135.1","3590","128.5","5580","134.6","7109","134.71","8763","134.9","1744","135.1","3502","128.5","5376","134.6","7055","134.71","8819","134.9","1681","135.1","3404","128.5","5288","134.6","6928","134.71","8417","134.9","2439","135.1","4808","128.5","6924","134.6","9542","134.71","12137","134.9","1832","135.1","3707","128.5","5743","134.6","7406","134.71","9190"
"147","1786","147.2","3764","140.1","5811","146.7","7313","146.8","9330","147","1786","147.2","3633","140.1","5854","146.7","7374","146.8","8968","147","1769","147.2","3559","140.1","5659","146.7","7198","146.8","8865","147","2503","147.2","5025","140.1","7446","146.7","10226","146.8","12478","147","1960","147.2","3965","140.1","6136","146.7","7704","146.8","9796"
"159.1","1957","159.3","3785","151.8","6092","158.8","7842","158.89","9672","159.1","1933","159.3","3804","151.8","6052","158.8","7722","158.89","9568","159.1","1857","159.3","3864","151.8","5874","158.8","7396","158.89","9504","159.1","2602","159.3","5173","151.8","7835","158.8","10497","158.89","13234","159.1","2020","159.3","3923","151.8","6396","158.8","8127","158.89","10155"
"171.2","2056","171.4","4065","163.4","6362","170.9","8399","170.97","10379","171.2","2075","171.4","4147","163.4","6457","170.9","8141","170.97","10232","171.2","2076","171.4","4029","163.4","6296","170.9","7901","170.97","9892","171.2","2894","171.4","5582","163.4","8329","170.9","11493","170.97","14047","171.2","2131","171.4","4308","163.4","6638","170.9","8495","170.97","10550"
"183.3","2148","183.5","4243","175","6540","183","8503","183.06","10611","183.3","2117","183.5","4172","175","6640","183","8672","183.06","10782","183.3","2053","183.5","4201","175","6525","183","8366","183.06","10494","183.3","2927","183.5","6040","175","8680","183","11912","183.06","14748","183.3","2173","183.5","4404","175","6785","183","8672","183.06","10855"
"195.4","2174","195.6","4389","186.6","6915","195.1","8804","195.14","10926","195.4","2180","195.6","4293","186.6","6878","195.1","8660","195.14","10688","195.4","2087","195.6","4249","186.6","6511","195.1","8628","195.14","10705","195.4","3193","195.6","6345","186.6","9299","195.1","12503","195.14","15516","195.4","2240","195.6","4500","186.6","6853","195.1","8863","195.14","11114"
"207.5","2295","207.7","4474","198.2","7012","207.1","9055","207.23","11271","207.5","2213","207.7","4533","198.2","6976","207.1","8949","207.23","11131","207.5","2161","207.7","4209","198.2","6873","207.1","8764","207.23","11102","207.5","3248","207.7","6422","198.2","9504","207.1","12727","207.23","15918","207.5","2235","207.7","4584","198.2","7106","207.1","9080","207.23","11299"
"219.6","2230","219.8","4368","209.8","7141","219.2","8961","219.32","11368","219.6","2268","219.8","4367","209.8","7001","219.2","9092","219.32","10913","219.6","2125","219.8","4295","209.8","6879","219.2","8658","219.32","10934","219.6","3171","219.8","6356","209.8","9743","219.2","12520","219.32","15679","219.6","2182","219.8","4610","209.8","7306","219.2","9013","219.32","11190"
"231.7","2145","231.9","4277","221.5","6982","231.3","8676","231.4","10881","231.7","2111","231.9","4256","221.5","6913","231.3","8358","231.4","10640","231.7","2051","231.9","4214","221.5","6820","231.3","8460","231.4","10400","231.7","2984","231.9","6038","221.5","9313","231.3","12030","231.4","15288","231.7","2158","231.9","4362","221.5","7073","231.3","8769","231.4","10865"
"243.9","2048","244","4173","233.1","6726","243.4","8229","243.49","10213","243.9","2009","244","4171","233.1","6523","243.4","8060","243.49","10038","243.9","1946","244","3894","233.1","6365","243.4","7986","243.49","10016","243.9","2963","244","5667","233.1","8852","243.4","11531","243.49","14522","243.9","1995","244","4098","233.1","6787","243.4","8265","243.49","10403"
"256","1924","256.1","3934","244.7","6359","255.5","7901","255.57","9942","256","1964","256.1","3896","244.7","6411","255.5","7718","255.57","9712","256","1854","256.1","3857","244.7","6183","255.5","7728","255.57","9364","256","2810","256.1","5706","244.7","8762","255.5","11346","255.57","13789","256","1934","256.1","3927","244.7","6541","255.5","7937","255.57","9859"
"268.1","1857","268.2","3761","256.3","6113","267.6","7584","267.66","9509","268.1","1881","268.2","3692","256.3","5965","267.6","7477","267.66","9281","268.1","1818","268.2","3573","256.3","5825","267.6","7382","267.66","9041","268.1","2705","268.2","5414","256.3","8230","267.6","10897","267.66","13636","268.1","1925","268.2","3798","256.3","6297","267.6","7566","267.66","9713"
"280.2","1717","280.3","3764","267.9","5728","279.7","7217","279.75","8988","280.2","1732","280.3","3594","267.9","5672","279.7","7310","279.75","8894","280.2","1731","280.3","3550","267.9","5587","279.7","6982","279.75","8783","280.2","2710","280.3","5180","267.9","8188","279.7","10598","279.75","13402","280.2","1842","280.3","3732","267.9","5903","279.7","7235","279.75","9107"
"292.3","1711","292.4","3505","279.5","5462","291.8","7067","291.83","8806","292.3","1776","292.4","3436","279.5","5323","291.8","6987","291.83","8639","292.3","1636","292.4","3285","279.5","5310","291.8","6611","291.83","8413","292.3","2571","292.4","5045","279.5","7521","291.8","10163","291.83","12604","292.3","1792","292.4","3553","279.5","5554","291.8","7069","291.83","8905"
"304.4","1670","304.6","3351","291.1","5408","303.8","6723","303.92","8320","304.4","1628","304.6","3270","291.1","5100","303.8","6752","303.92","8265","304.4","1561","304.6","3216","291.1","5049","303.8","6544","303.92","8013","304.4","2470","304.6","4884","291.1","7486","303.8","9961","303.92","12591","304.4","1626","304.6","3277","291.1","5172","303.8","6735","303.92","8442"
"316.5","1627","316.7","3243","302.8","4977","315.9","6526","316","8139","316.5","1589","316.7","3103","302.8","4997","315.9","6460","316","8073","316.5","1529","316.7","3219","302.8","4884","315.9","6153","316","7905","316.5","2424","316.7","4861","302.8","7318","315.9","9659","316","12236","316.5","1614","316.7","3165","302.8","5051","315.9","6528","316","8244"
"328.6","1537","328.8","3163","314.4","4869","328","6121","328.09","7755","328.6","1502","328.8","3090","314.4","4748","328","6277","328.09","7459","328.6","1505","328.8","2899","314.4","4699","328","5893","328.09","7462","328.6","2311","328.8","4806","314.4","6996","328","9457","328.09","11818","328.6","1561","328.8","3163","314.4","4712","328","6322","328.09","7745"
"340.7","1493","340.9","3055","326","4744","340.1","5896","340.17","7558","340.7","1419","340.9","2926","326","4581","340.1","6047","340.17","7425","340.7","1425","340.9","2908","326","4468","340.1","5818","340.17","7228","340.7","2340","340.9","4520","326","6802","340.1","9239","340.17","11435","340.7","1453","340.9","3078","326","4731","340.1","6011","340.17","7542"
"352.8","1487","353","2906","337.6","4528","352.2","5970","352.26","7450","352.8","1471","353","2927","337.6","4463","352.2","5735","352.26","7203","352.8","1449","353","2859","337.6","4351","352.2","5622","352.26","6779","352.8","2314","353","4632","337.6","6891","352.2","9070","352.26","11337","352.8","1466","353","2912","337.6","4591","352.2","5803","352.26","7454"
"365","1411","365.1","2766","349.2","4373","364.3","5671","364.35","6857","365","1364","365.1","2737","349.2","4177","364.3","5572","364.35","6778","365","1339","365.1","2743","349.2","4058","364.3","5355","364.35","6775","365","2202","365.1","4580","349.2","6563","364.3","8847","364.35","10993","365","1393","365.1","2801","349.2","4348","364.3","5516","364.35","7087"
"377.1","1396","377.2","2793","360.8","4291","376.4","5576","376.43","6900","377.1","1335","377.2","2729","360.8","4084","376.4","5345","376.43","6817","377.1","1302","377.2","2640","360.8","4101","376.4","5275","376.43","6607","377.1","2304","377.2","4497","360.8","6305","376.4","8862","376.43","11192","377.1","1407","377.2","2882","360.8","4225","376.4","5673","376.43","7022"
"389.2","1349","389.3","2631","372.4","4101","388.5","5470","388.52","6702","389.2","1336","389.3","2688","372.4","3934","388.5","5316","388.52","6611","389.2","1244","389.3","2575","372.4","3839","388.5","5284","388.52","6503","389.2","2157","389.3","4513","372.4","6430","388.5","8745","388.52","11070","389.2","1294","389.3","2709","372.4","4131","388.5","5500","388.52","6800"
"401.3","1300","401.4","2623","384.1","4107","400.6","5368","400.6","6628","401.3","1323","401.4","2582","384.1","3966","400.6","5304","400.6","6437","401.3","1283","401.4","2537","384.1","3815","400.6","4983","400.6","6338","401.3","2161","401.4","4421","384.1","6326","400.6","8747","400.6","11016","401.3","1356","401.4","2754","384.1","4136","400.6","5340","400.6","6588"
"413.4","1315","413.5","2558","395.7","3916","412.6","5318","412.69","6389","413.4","1258","413.5","2401","395.7","3802","412.6","5132","412.69","6411","413.4","1220","413.5","2483","395.7","3798","412.6","5078","412.69","6129","413.4","2125","413.5","4397","395.7","6407","412.6","8720","412.69","11014","413.4","1330","413.5","2595","395.7","3890","412.6","5211","412.69","6558"
"425.5","1267","425.6","2476","407.3","3837","424.7","5001","424.78","6263","425.5","1253","425.6","2474","407.3","3812","424.7","4998","424.78","5998","425.5","1212","425.6","2416","407.3","3828","424.7","4701","424.78","6022","425.5","2165","425.6","4341","407.3","6348","424.7","8464","424.78","10671","425.5","1297","425.6","2516","407.3","3975","424.7","4973","424.78","6305"
"437.6","1248","437.7","2470","418.9","3697","436.8","4920","436.86","6166","437.6","1152","437.7","2337","418.9","3603","436.8","4584","436.86","5791","437.6","1144","437.7","2275","418.9","3604","436.8","4727","436.86","5724","437.6","2023","437.7","3969","418.9","6133","436.8","7987","436.86","10075","437.6","1195","437.7","2450","418.9","3688","436.8","4862","436.86","6051"
"449.7","1096","449.8","2288","430.5","3604","448.9","4653","448.95","5768","449.7","1141","449.8","2255","430.5","3543","448.9","4471","448.95","5592","449.7","1140","449.8","2122","430.5","3460","448.9","4448","448.95","5514","449.7","1843","449.8","3659","430.5","5871","448.9","7439","448.95","9184","449.7","1144","449.8","2287","430.5","3678","448.9","4721","448.95","5892"
"461.8","1049","461.9","2163","442.1","3455","461","4492","461.03","5477","461.8","1116","461.9","2155","442.1","3388","461","4295","461.03","5446","461.8","1086","461.9","2137","442.1","3271","461","4274","461.03","5281","461.8","1693","461.9","3478","442.1","5651","461","6900","461.03","8575","461.8","1066","461.9","2240","442.1","3539","461","4560","461.03","5492"
"474","1034","474","2028","453.8","3280","473.1","4196","473.12","5037","474","1119","474","2061","453.8","3178","473.1","4155","473.12","5178","474","1022","474","1944","453.8","3262","473.1","3902","473.12","4972","474","1561","474","3022","453.8","5117","473.1","5982","473.12","7579","474","1025","474","2228","453.8","3399","473.1","4301","473.12","5194"
"486.1","987","486.1","1922","465.4","3037","485.2","3979","485.21","5027","486.1","963","486.1","1947","465.4","3090","485.2","4054","485.21","4935","486.1","936","486.1","1924","465.4","3076","485.2","3714","485.21","4504","486.1","1305","486.1","2620","465.4","4715","485.2","5307","485.21","6855","486.1","982","486.1","1969","465.4","3176","485.2","3764","485.21","4839"
"498.2","904","498.2","1801","477","3022","497.3","3848","497.29","4676","498.2","976","498.2","1900","477","2903","497.3","3870","497.29","4834","498.2","893","498.2","1764","477","2929","497.3","3528","497.29","4324","498.2","1242","498.2","2471","477","4146","497.3","4808","497.29","6261","498.2","911","498.2","1857","477","2890","497.3","3793","497.29","4651"
"510.3","858","510.3","1773","488.6","2856","509.3","3556","509.38","4371","510.3","922","510.3","1824","488.6","2943","509.3","3753","509.38","4600","510.3","786","510.3","1716","488.6","2712","509.3","3325","509.38","4151","510.3","1126","510.3","2274","488.6","3871","509.3","4674","509.38","5543","510.3","906","510.3","1788","488.6","2829","509.3","3525","509.38","4424"
"522.4","813","522.4","1614","500.2","2735","521.4","3334","521.46","4148","522.4","858","522.4","1707","500.2","2786","521.4","3516","521.46","4369","522.4","771","522.4","1532","500.2","2602","521.4","3062","521.46","3854","522.4","1040","522.4","2045","500.2","3421","521.4","4163","521.46","5205","522.4","817","522.4","1694","500.2","2698","521.4","3330","521.46","4144"
"534.5","787","534.6","1559","511.8","2413","533.5","3117","533.55","3861","534.5","764","534.6","1618","511.8","2614","533.5","3134","533.55","3889","534.5","671","534.6","1448","511.8","2462","533.5","2871","533.55","3609","534.5","934","534.6","2039","511.8","3240","533.5","3995","533.55","4868","534.5","785","534.6","1580","511.8","2517","533.5","3097","533.55","3902"
"546.6","763","546.7","1520","523.4","2500","545.6","2994","545.64","3760","546.6","748","546.7","1437","523.4","2473","545.6","3018","545.64","3626","546.6","734","546.7","1445","523.4","2232","545.6","2799","545.64","3566","546.6","900","546.7","1829","523.4","3059","545.6","3650","545.64","4678","546.6","728","546.7","1510","523.4","2411","545.6","3058","545.64","3802"
"558.7","819","558.8","1474","535.1","2300","557.7","3026","557.72","3677","558.7","712","558.8","1391","535.1","2363","557.7","2781","557.72","3563","558.7","688","558.8","1422","535.1","2159","557.7","2708","557.72","3352","558.7","919","558.8","1876","535.1","2951","557.7","3739","557.72","4548","558.7","733","558.8","1470","535.1","2367","557.7","2967","557.72","3638"
"570.8","695","570.9","1458","546.7","2140","569.8","2940","569.81","3536","570.8","697","570.9","1399","546.7","2228","569.8","2721","569.81","3453","570.8","684","570.9","1338","546.7","2079","569.8","2679","569.81","3375","570.8","907","570.9","1824","546.7","2789","569.8","3660","569.81","4639","570.8","704","570.9","1470","546.7","2260","569.8","2880","569.81","3614"
"582.9","730","583","1473","558.3","2217","581.9","2830","581.89","3678","582.9","753","583","1371","558.3","1980","581.9","2758","581.89","3416","582.9","683","583","1344","558.3","1925","581.9","2572","581.89","3443","582.9","982","583","1964","558.3","2569","581.9","3929","581.89","5068","582.9","749","583","1450","558.3","2093","581.9","2790","581.89","3557"
"595.1","779","595.1","1495","569.9","2174","594","3098","593.98","3687","595.1","719","595.1","1407","569.9","2028","594","2923","593.98","3553","595.1","667","595.1","1377","569.9","1997","594","2828","593.98","3528","595.1","1290","595.1","2426","569.9","2596","594","4984","593.98","6136","595.1","734","595.1","1460","569.9","2148","594","3065","593.98","3793"
"607.2","864","607.2","1651","581.5","2121","606.1","3291","606.06","4117","607.2","839","607.2","1628","581.5","2064","606.1","3177","606.06","3946","607.2","809","607.2","1586","581.5","2079","606.1","3136","606.06","3923","607.2","1652","607.2","3427","581.5","2879","606.1","6810","606.06","8632","607.2","822","607.2","1610","581.5","2147","606.1","3332","606.06","4104"
"619.3","931","619.3","2018","593.1","2288","618.1","3852","618.15","4717","619.3","900","619.3","1822","593.1","2107","618.1","3647","618.15","4479","619.3","928","619.3","1765","593.1","2080","618.1","3671","618.15","4523","619.3","2409","619.3","4867","593.1","3566","618.1","9902","618.15","12009","619.3","918","619.3","1856","593.1","2203","618.1","3789","618.15","4607"
"631.4","1090","631.4","2189","604.7","2455","630.2","4549","630.24","5469","631.4","1056","631.4","2123","604.7","2293","630.2","4362","630.24","5189","631.4","1070","631.4","2157","604.7","2204","630.2","4268","630.24","5336","631.4","3294","631.4","6497","604.7","4742","630.2","13120","630.24","16311","631.4","1064","631.4","2213","604.7","2455","630.2","4522","630.24","5687"
"643.5","1301","643.5","2601","616.4","2703","642.3","5267","642.32","6453","643.5","1279","643.5","2584","616.4","2568","642.3","5146","642.32","6282","643.5","1292","643.5","2559","616.4","2627","642.3","5077","642.32","6308","643.5","4095","643.5","8049","616.4","6607","642.3","16235","642.32","20221","643.5","1334","643.5","2628","616.4","2780","642.3","5206","642.32","6492"
"655.6","1577","655.6","2976","628","3253","654.4","5908","654.41","7412","655.6","1456","655.6","2929","628","2988","654.4","5848","654.41","7218","655.6","1518","655.6","2874","628","3126","654.4","5855","654.41","7197","655.6","4402","655.6","8939","628","9110","654.4","17871","654.41","22170","655.6","1510","655.6","3018","628","3254","654.4","6006","654.41","7518"
"667.7","1649","667.7","3118","639.6","3749","666.5","6580","666.49","8217","667.7","1570","667.7","3047","639.6","3547","666.5","6337","666.49","7746","667.7","1587","667.7","3057","639.6","3539","666.5","6158","666.49","7796","667.7","4299","667.7","8474","639.6","11140","666.5","17358","666.49","21302","667.7","1580","667.7","3200","639.6","3709","666.5","6348","666.49","8131"
"679.8","1699","679.8","3310","651.2","4360","678.6","6471","678.58","8057","679.8","1512","679.8","3226","651.2","3989","678.6","6412","678.58","7956","679.8","1525","679.8","3274","651.2","4137","678.6","6219","678.58","7820","679.8","3861","679.8","7459","651.2","12197","678.6","15110","678.58","18844","679.8","1584","679.8","3275","651.2","4245","678.6","6475","678.58","8146"
"691.9","1490","691.9","3132","662.8","4715","690.7","6203","690.67","7946","691.9","1552","691.9","2947","662.8","4522","690.7","6077","690.67","7745","691.9","1524","691.9","3003","662.8","4562","690.7","6143","690.67","7528","691.9","3047","691.9","6307","662.8","12451","690.7","12739","690.67","15960","691.9","1525","691.9","3204","662.8","4568","690.7","6335","690.67","7951"
"704","1443","704","2961","674.4","4792","702.8","5875","702.75","7237","704","1404","704","2772","674.4","4551","702.8","5550","702.75","7006","704","1372","704","2852","674.4","4571","702.8","5668","702.75","7040","704","2523","704","5058","674.4","11719","702.8","10356","702.75","13021","704","1478","704","2993","674.4","4840","702.8","5833","702.75","7102"
"716.2","1295","716.1","2654","686.1","4598","714.8","5213","714.84","6398","716.2","1247","716.1","2446","686.1","4618","714.8","5019","714.84","6320","716.2","1204","716.1","2488","686.1","4442","714.8","5096","714.84","6207","716.2","2018","716.1","4145","686.1","9924","714.8","8266","714.84","10124","716.2","1211","716.1","2681","686.1","4751","714.8","5153","714.84","6467"
"728.3","1167","728.2","2376","697.7","4193","726.9","4502","726.92","5518","728.3","1107","728.2","2188","697.7","4307","726.9","4421","726.92","5372","728.3","1022","728.2","2100","697.7","4205","726.9","4387","726.92","5299","728.3","1770","728.2","3267","697.7","7909","726.9","6487","726.92","8092","728.3","1090","728.2","2191","697.7","4318","726.9","4429","726.92","5706"
"740.4","1021","740.3","1892","709.3","3883","739","3934","739.01","5109","740.4","979","740.3","1846","709.3","3900","739","3788","739.01","4779","740.4","978","740.3","1796","709.3","3893","739","3807","739.01","4666","740.4","1361","740.3","2734","709.3","6509","739","5556","739.01","6810","740.4","952","740.3","1941","709.3","4044","739","3843","739.01","5008"
"752.5","894","752.5","1579","720.9","3443","751.1","3309","751.1","4177","752.5","776","752.5","1523","720.9","3246","751.1","3164","751.1","3801","752.5","751","752.5","1571","720.9","3425","751.1","3123","751.1","3894","752.5","1147","752.5","2064","720.9","5201","751.1","4371","751.1","5459","752.5","809","752.5","1634","720.9","3475","751.1","3258","751.1","4072"
"764.6","698","764.6","1376","732.5","3105","763.2","2749","763.18","3478","764.6","639","764.6","1306","732.5","3008","763.2","2625","763.18","3315","764.6","641","764.6","1326","732.5","2977","763.2","2620","763.18","3209","764.6","844","764.6","1779","732.5","4433","763.2","3494","763.18","4305","764.6","659","764.6","1463","732.5","3071","763.2","2709","763.18","3403"
"776.7","579","776.7","1102","744.1","2768","775.3","2130","775.27","2654","776.7","448","776.7","945","744.1","2685","775.3","1976","775.27","2498","776.7","509","776.7","976","744.1","2554","775.3","1910","775.27","2474","776.7","708","776.7","1245","744.1","3592","775.3","2608","775.27","3140","776.7","560","776.7","1097","744.1","2730","775.3","2092","775.27","2786"
"788.8","424","788.8","769","755.7","2253","787.4","1535","787.35","1992","788.8","375","788.8","678","755.7","2171","787.4","1310","787.35","1772","788.8","336","788.8","723","755.7","2217","787.4","1376","787.35","1721","788.8","432","788.8","850","755.7","2915","787.4","1719","787.35","2205","788.8","363","788.8","727","755.7","2257","787.4","1471","787.35","1853"
"800.9","277","800.9","515","767.4","1858","799.5","1012","799.44","1329","800.9","227","800.9","400","767.4","1809","799.5","837","799.44","1075","800.9","190","800.9","383","767.4","1789","799.5","824","799.44","1058","800.9","264","800.9","547","767.4","2392","799.5","1120","799.44","1345","800.9","259","800.9","499","767.4","1863","799.5","973","799.44","1285"
"813","182","813","331","779","1472","811.6","711","811.53","854","813","100","813","231","779","1397","811.6","478","811.53","619","813","102","813","204","779","1306","811.6","388","811.53","614","813","148","813","299","779","1700","811.6","575","811.53","732","813","134","813","301","779","1344","811.6","555","811.53","751"
"825.1","116","825.1","200","790.6","1012","823.6","391","823.61","530","825.1","52","825.1","110","790.6","922","823.6","198","823.61","283","825.1","41","825.1","88","790.6","883","823.6","217","823.61","269","825.1","83","825.1","129","790.6","1166","823.6","275","823.61","349","825.1","86","825.1","181","790.6","935","823.6","348","823.61","412"
"837.3","97","837.2","169","802.2","689","835.7","340","835.7","393","837.3","31","837.2","56","802.2","541","835.7","109","835.7","157","837.3","20","837.2","53","802.2","482","835.7","100","835.7","122","837.3","38","837.2","59","802.2","726","835.7","145","835.7","184","837.3","68","837.2","108","802.2","633","835.7","221","835.7","306"
"849.4","66","849.3","124","813.8","445","847.8","273","847.78","368","849.4","21","849.3","28","813.8","310","847.8","55","847.78","51","849.4","8","849.3","22","813.8","285","847.8","43","847.78","58","849.4","20","849.3","32","813.8","352","847.8","68","847.78","94","849.4","42","849.3","94","813.8","395","847.8","167","847.78","233"
"861.5","67","861.4","127","825.4","284","859.9","242","859.87","360","861.5","17","861.4","20","825.4","125","859.9","45","859.87","50","861.5","4","861.4","13","825.4","130","859.9","30","859.87","34","861.5","12","861.4","20","825.4","198","859.9","45","859.87","49","861.5","43","861.4","80","825.4","244","859.9","158","859.87","200"
"873.6","57","873.5","150","837","224","872","253","871.95","291","873.6","10","873.5","15","837","68","872","46","871.95","47","873.6","4","873.5","2","837","64","872","11","871.95","14","873.6","8","873.5","15","837","94","872","43","871.95","38","873.6","34","873.5","77","837","162","872","133","871.95","162"
"885.7","53","885.6","118","848.7","184","884.1","241","884.04","296","885.7","4","885.6","10","848.7","52","884.1","35","884.04","42","885.7","2","885.6","7","848.7","32","884.1","12","884.04","27","885.7","8","885.6","15","848.7","41","884.1","31","884.04","36","885.7","38","885.6","82","848.7","118","884.1","127","884.04","190"
"897.8","58","897.7","123","860.3","194","896.2","213","896.13","292","897.8","8","897.7","23","860.3","36","896.2","29","896.13","48","897.8","4","897.7","2","860.3","21","896.2","13","896.13","22","897.8","7","897.7","10","860.3","30","896.2","24","896.13","35","897.8","28","897.7","66","860.3","110","896.2","140","896.13","157"
"909.9","34","909.8","115","871.9","163","908.3","233","908.21","291","909.9","13","909.8","12","871.9","28","908.3","35","908.21","33","909.9","7","909.8","6","871.9","17","908.3","17","908.21","20","909.9","4","909.8","13","871.9","28","908.3","34","908.21","34","909.9","30","909.8","54","871.9","107","908.3","145","908.21","169"
"922","71","921.9","132","883.5","185","920.4","216","920.3","250","922","7","921.9","11","883.5","29","920.4","38","920.3","37","922","2","921.9","8","883.5","15","920.4","9","920.3","22","922","7","921.9","16","883.5","29","920.4","23","920.3","33","922","38","921.9","62","883.5","97","920.4","139","920.3","171"
"934.1","40","934","118","895.1","172","932.4","210","932.38","266","934.1","5","934","16","895.1","29","932.4","28","932.38","48","934.1","3","934","7","895.1","15","932.4","19","932.38","14","934.1","8","934","7","895.1","12","932.4","24","932.38","36","934.1","55","934","72","895.1","102","932.4","131","932.38","143"
"946.3","42","946.1","95","906.7","149","944.5","208","944.47","289","946.3","10","946.1","15","906.7","28","944.5","37","944.47","41","946.3","5","946.1","6","906.7","14","944.5","11","944.47","12","946.3","6","946.1","23","906.7","30","944.5","22","944.47","27","946.3","33","946.1","66","906.7","120","944.5","135","944.47","151"
"958.4","53","958.2","96","918.4","137","956.6","183","956.56","242","958.4","11","958.2","17","918.4","28","956.6","45","956.56","38","958.4","2","958.2","8","918.4","11","956.6","18","956.56","14","958.4","6","958.2","15","918.4","21","956.6","24","956.56","33","958.4","29","958.2","74","918.4","89","956.6","126","956.56","133"
"970.5","49","970.3","83","930","152","968.7","188","968.64","203","970.5","13","970.3","20","930","30","968.7","25","968.64","36","970.5","2","970.3","7","930","10","968.7","7","968.64","15","970.5","3","970.3","5","930","20","968.7","18","968.64","29","970.5","33","970.3","56","930","100","968.7","125","968.64","145"
"982.6","48","982.5","82","941.6","134","980.8","208","980.73","230","982.6","2","982.5","12","941.6","30","980.8","30","980.73","42","982.6","3","982.5","6","941.6","13","980.8","20","980.73","10","982.6","5","982.5","10","941.6","23","980.8","21","980.73","23","982.6","23","982.5","71","941.6","91","980.8","136","980.73","141"
"994.7","50","994.6","93","953.2","130","992.9","144","992.81","213","994.7","11","994.6","11","953.2","37","992.9","19","992.81","31","994.7","1","994.6","6","953.2","20","992.9","11","992.81","14","994.7","8","994.6","13","953.2","21","992.9","22","992.81","43","994.7","22","994.6","59","953.2","78","992.9","112","992.81","141"
"1006.8","33","1006.7","70","964.8","141","1005","156","1004.9","223","1006.8","13","1006.7","12","964.8","25","1005","38","1004.9","33","1006.8","1","1006.7","6","964.8","15","1005","12","1004.9","14","1006.8","4","1006.7","11","964.8","22","1005","23","1004.9","18","1006.8","19","1006.7","55","964.8","85","1005","134","1004.9","146"
"1018.9","45","1018.8","82","976.4","111","1017.1","159","1016.99","206","1018.9","5","1018.8","17","976.4","23","1017.1","27","1016.99","40","1018.9","4","1018.8","3","976.4","16","1017.1","9","1016.99","17","1018.9","2","1018.8","11","976.4","22","1017.1","17","1016.99","9","1018.9","30","1018.8","39","976.4","81","1017.1","127","1016.99","141"
"1031","30","1030.9","64","988","128","1029.1","146","1029.07","168","1031","8","1030.9","14","988","37","1029.1","35","1029.07","35","1031","1","1030.9","8","988","13","1029.1","9","1029.07","16","1031","8","1030.9","9","988","13","1029.1","21","1029.07","14","1031","27","1030.9","64","988","80","1029.1","104","1029.07","136"
"1043.1","45","1043","70","999.7","108","1041.2","140","1041.16","186","1043.1","14","1043","12","999.7","29","1041.2","25","1041.16","24","1043.1","4","1043","4","999.7","13","1041.2","12","1041.16","12","1043.1","2","1043","11","999.7","21","1041.2","25","1041.16","15","1043.1","24","1043","48","999.7","88","1041.2","115","1041.16","127"
"1055.2","39","1055.1","72","1011.3","113","1053.3","156","1053.24","200","1055.2","4","1055.1","9","1011.3","21","1053.3","25","1053.24","26","1055.2","0","1055.1","3","1011.3","8","1053.3","18","1053.24","20","1055.2","10","1055.1","10","1011.3","22","1053.3","16","1053.24","19","1055.2","24","1055.1","44","1011.3","86","1053.3","94","1053.24","112"
"1067.4","41","1067.2","58","1022.9","117","1065.4","177","1065.33","166","1067.4","9","1067.2","15","1022.9","16","1065.4","21","1065.33","29","1067.4","2","1067.2","4","1022.9","15","1065.4","9","1065.33","16","1067.4","10","1067.2","8","1022.9","17","1065.4","22","1065.33","12","1067.4","30","1067.2","55","1022.9","87","1065.4","85","1065.33","97"
"1079.5","37","1079.3","83","1034.5","125","1077.5","171","1077.42","188","1079.5","10","1079.3","9","1034.5","19","1077.5","16","1077.42","25","1079.5","1","1079.3","2","1034.5","10","1077.5","7","1077.42","16","1079.5","3","1079.3","2","1034.5","20","1077.5","16","1077.42","23","1079.5","21","1079.3","42","1034.5","71","1077.5","114","1077.42","108"
"1091.6","44","1091.4","84","1046.1","105","1089.6","208","1089.5","218","1091.6","1","1091.4","6","1046.1","13","1089.6","13","1089.5","23","1091.6","0","1091.4","2","1046.1","5","1089.6","16","1089.5","9","1091.6","5","1091.4","7","1046.1","20","1089.6","17","1089.5","13","1091.6","18","1091.4","39","1046.1","76","1089.6","83","1089.5","106"
"1103.7","42","1103.5","98","1057.7","96","1101.7","182","1101.59","250","1103.7","3","1103.5","7","1057.7","10","1101.7","9","1101.59","19","1103.7","2","1103.5","5","1057.7","15","1101.7","7","1101.59","16","1103.7","3","1103.5","5","1057.7","14","1101.7","11","1101.59","8","1103.7","26","1103.5","47","1057.7","66","1101.7","96","1101.59","107"
"1115.8","57","1115.6","115","1069.3","105","1113.8","234","1113.67","262","1115.8","2","1115.6","12","1069.3","20","1113.8","17","1113.67","16","1115.8","3","1115.6","8","1069.3","15","1113.8","13","1113.67","10","1115.8","6","1115.6","7","1069.3","19","1113.8","13","1113.67","9","1115.8","22","1115.6","48","1069.3","66","1113.8","94","1113.67","87"
"1127.9","53","1127.7","120","1081","111","1125.9","241","1125.76","340","1127.9","5","1127.7","5","1081","12","1125.9","14","1125.76","16","1127.9","2","1127.7","5","1081","9","1125.9","8","1125.76","19","1127.9","3","1127.7","12","1081","11","1125.9","16","1125.76","15","1127.9","18","1127.7","41","1081","61","1125.9","82","1125.76","88"
"1140","58","1139.8","130","1092.6","126","1137.9","292","1137.84","311","1140","5","1139.8","8","1092.6","12","1137.9","14","1137.84","21","1140","2","1139.8","6","1092.6","9","1137.9","8","1137.84","8","1140","1","1139.8","5","1092.6","14","1137.9","11","1137.84","15","1140","23","1139.8","45","1092.6","69","1137.9","61","1137.84","85"
"1152.1","49","1151.9","110","1104.2","161","1150","251","1149.93","323","1152.1","5","1151.9","7","1104.2","12","1150","18","1149.93","17","1152.1","4","1151.9","4","1104.2","11","1150","11","1149.93","10","1152.1","2","1151.9","7","1104.2","17","1150","13","1149.93","15","1152.1","16","1151.9","40","1104.2","65","1150","67","1149.93","85"
"1164.2","79","1164","129","1115.8","165","1162.1","256","1162.02","283","1164.2","6","1164","8","1115.8","14","1162.1","16","1162.02","29","1164.2","2","1164","8","1115.8","5","1162.1","9","1162.02","9","1164.2","5","1164","8","1115.8","12","1162.1","16","1162.02","20","1164.2","18","1164","26","1115.8","69","1162.1","73","1162.02","85"
"1176.3","59","1176.1","96","1127.4","195","1174.2","217","1174.1","242","1176.3","8","1176.1","8","1127.4","9","1174.2","19","1174.1","16","1176.3","3","1176.1","2","1127.4","14","1174.2","10","1174.1","13","1176.3","4","1176.1","7","1127.4","9","1174.2","15","1174.1","11","1176.3","13","1176.1","30","1127.4","58","1174.2","63","1174.1","80"
"1188.5","44","1188.2","88","1139","200","1186.3","192","1186.19","242","1188.5","3","1188.2","13","1139","13","1186.3","23","1186.19","28","1188.5","2","1188.2","4","1139","6","1186.3","13","1186.19","11","1188.5","4","1188.2","3","1139","17","1186.3","10","1186.19","7","1188.5","18","1188.2","27","1139","51","1186.3","65","1186.19","69"
"1200.6","39","1200.3","82","1150.7","187","1198.4","193","1198.27","237","1200.6","6","1200.3","16","1150.7","22","1198.4","17","1198.27","27","1200.6","1","1200.3","4","1150.7","9","1198.4","5","1198.27","13","1200.6","1","1200.3","2","1150.7","13","1198.4","14","1198.27","12","1200.6","15","1200.3","30","1150.7","47","1198.4","61","1198.27","71"
"1212.7","32","1212.5","67","1162.3","146","1210.5","132","1210.36","190","1212.7","5","1212.5","14","1162.3","25","1210.5","30","1210.36","39","1212.7","4","1212.5","1","1162.3","9","1210.5","10","1210.36","9","1212.7","0","1212.5","5","1162.3","11","1210.5","6","1210.36","11","1212.7","14","1212.5","31","1162.3","57","1210.5","72","1210.36","62"
"1224.8","25","1224.6","74","1173.9","172","1222.6","133","1222.45","161","1224.8","8","1224.6","18","1173.9","19","1222.6","34","1222.45","31","1224.8","1","1224.6","3","1173.9","11","1222.6","3","1222.45","11","1224.8","1","1224.6","8","1173.9","12","1222.6","7","1222.45","21","1224.8","11","1224.6","23","1173.9","41","1222.6","44","1222.45","73"
"1236.9","44","1236.7","78","1185.5","148","1234.6","146","1234.53","180","1236.9","14","1236.7","11","1185.5","25","1234.6","39","1234.53","42","1236.9","1","1236.7","2","1185.5","9","1234.6","12","1234.53","9","1236.9","4","1236.7","4","1185.5","10","1234.6","7","1234.53","10","1236.9","4","1236.7","34","1185.5","47","1234.6","41","1234.53","62"
"1249","36","1248.8","92","1197.1","131","1246.7","165","1246.62","175","1249","14","1248.8","16","1197.1","24","1246.7","37","1246.62","44","1249","0","1248.8","1","1197.1","5","1246.7","3","1246.62","5","1249","1","1248.8","4","1197.1","9","1246.7","8","1246.62","15","1249","11","1248.8","25","1197.1","34","1246.7","56","1246.62","59"
"1261.1","43","1260.9","92","1208.7","121","1258.8","174","1258.7","180","1261.1","12","1260.9","24","1208.7","24","1258.8","39","1258.7","47","1261.1","1","1260.9","3","1208.7","15","1258.8","6","1258.7","8","1261.1","6","1260.9","5","1208.7","15","1258.8","13","1258.7","14","1261.1","8","1260.9","27","1208.7","57","1258.8","51","1258.7","67"
"1273.2","51","1273","81","1220.3","107","1270.9","177","1270.79","204","1273.2","8","1273","13","1220.3","31","1270.9","36","1270.79","34","1273.2","2","1273","3","1220.3","8","1270.9","5","1270.79","8","1273.2","0","1273","11","1220.3","11","1270.9","11","1270.79","8","1273.2","12","1273","16","1220.3","46","1270.9","52","1270.79","62"
"1285.3","49","1285.1","106","1232","102","1283","203","1282.88","247","1285.3","8","1285.1","13","1232","33","1283","36","1282.88","37","1285.3","0","1285.1","2","1232","9","1283","8","1282.88","3","1285.3","3","1285.1","3","1232","8","1283","6","1282.88","9","1285.3","14","1285.1","21","1232","44","1283","50","1282.88","38"
"1297.4","47","1297.2","99","1243.6","120","1295.1","212","1294.96","223","1297.4","6","1297.2","8","1243.6","27","1295.1","20","1294.96","25","1297.4","2","1297.2","5","1243.6","9","1295.1","10","1294.96","3","1297.4","1","1297.2","1","1243.6","8","1295.1","7","1294.96","1","1297.4","8","1297.2","22","1243.6","37","1295.1","39","1294.96","44"
"1309.6","46","1309.3","106","1255.2","108","1307.2","223","1307.05","245","1309.6","6","1309.3","11","1255.2","25","1307.2","20","1307.05","29","1309.6","1","1309.3","2","1255.2","5","1307.2","6","1307.05","8","1309.6","2","1309.3","6","1255.2","14","1307.2","13","1307.05","9","1309.6","11","1309.3","21","1255.2","47","1307.2","39","1307.05","48"
"1321.7","50","1321.4","81","1266.8","118","1319.3","179","1319.13","231","1321.7","2","1321.4","11","1266.8","25","1319.3","26","1319.13","36","1321.7","2","1321.4","8","1266.8","10","1319.3","6","1319.13","4","1321.7","2","1321.4","4","1266.8","8","1319.3","7","1319.13","10","1321.7","12","1321.4","22","1266.8","37","1319.3","25","1319.13","44"
"1333.8","38","1333.5","83","1278.4","145","1331.4","178","1331.22","201","1333.8","6","1333.5","8","1278.4","17","1331.4","19","1331.22","17","1333.8","2","1333.5","3","1278.4","5","1331.4","8","1331.22","6","1333.8","2","1333.5","3","1278.4","7","1331.4","4","1331.22","13","1333.8","8","1333.5","15","1278.4","30","1331.4","33","1331.22","49"
"1345.9","31","1345.6","62","1290","138","1343.4","123","1343.31","158","1345.9","3","1345.6","9","1290","22","1343.4","17","1343.31","18","1345.9","2","1345.6","3","1290","10","1343.4","8","1343.31","9","1345.9","4","1345.6","0","1290","9","1343.4","9","1343.31","12","1345.9","6","1345.6","9","1290","26","1343.4","34","1343.31","40"
"1358","22","1357.7","57","1301.6","137","1355.5","115","1355.39","151","1358","1","1357.7","4","1301.6","20","1355.5","12","1355.39","16","1358","1","1357.7","2","1301.6","4","1355.5","5","1355.39","7","1358","4","1357.7","1","1301.6","10","1355.5","7","1355.39","4","1358","5","1357.7","19","1301.6","37","1355.5","25","1355.39","31"
"1370.1","18","1369.8","40","1313.3","132","1367.6","93","1367.48","120","1370.1","3","1369.8","5","1313.3","20","1367.6","14","1367.48","12","1370.1","2","1369.8","2","1313.3","5","1367.6","7","1367.48","8","1370.1","5","1369.8","4","1313.3","9","1367.6","7","1367.48","9","1370.1","11","1369.8","14","1313.3","33","1367.6","30","1367.48","33"
"1382.2","18","1381.9","49","1324.9","116","1379.7","77","1379.56","124","1382.2","4","1381.9","3","1324.9","17","1379.7","9","1379.56","14","1382.2","1","1381.9","3","1324.9","4","1379.7","9","1379.56","3","1382.2","1","1381.9","5","1324.9","8","1379.7","3","1379.56","13","1382.2","5","1381.9","11","1324.9","28","1379.7","22","1379.56","28"
"1394.3","16","1394","25","1336.5","107","1391.8","80","1391.65","92","1394.3","3","1394","3","1336.5","10","1391.8","12","1391.65","14","1394.3","2","1394","0","1336.5","6","1391.8","5","1391.65","5","1394.3","0","1394","2","1336.5","6","1391.8","5","1391.65","4","1394.3","3","1394","15","1336.5","29","1391.8","27","1391.65","32"
"1406.4","13","1406.1","26","1348.1","100","1403.9","51","1403.73","80","1406.4","1","1406.1","4","1348.1","11","1403.9","10","1403.73","8","1406.4","0","1406.1","4","1348.1","6","1403.9","5","1403.73","11","1406.4","3","1406.1","3","1348.1","8","1403.9","7","1403.73","8","1406.4","5","1406.1","17","1348.1","13","1403.9","24","1403.73","32"
"1418.5","12","1418.2","25","1359.7","89","1416","40","1415.82","59","1418.5","3","1418.2","3","1359.7","10","1416","5","1415.82","8","1418.5","1","1418.2","4","1359.7","9","1416","6","1415.82","6","1418.5","0","1418.2","3","1359.7","13","1416","9","1415.82","12","1418.5","5","1418.2","14","1359.7","15","1416","20","1415.82","28"
"1430.7","9","1430.3","16","1371.3","64","1428.1","40","1427.91","43","1430.7","1","1430.3","2","1371.3","8","1428.1","2","1427.91","8","1430.7","1","1430.3","5","1371.3","6","1428.1","4","1427.91","10","1430.7","0","1430.3","0","1371.3","9","1428.1","8","1427.91","5","1430.7","5","1430.3","14","1371.3","18","1428.1","24","1427.91","21"
"1442.8","7","1442.5","11","1382.9","54","1440.1","33","1439.99","50","1442.8","2","1442.5","1","1382.9","9","1440.1","7","1439.99","4","1442.8","0","1442.5","0","1382.9","4","1440.1","4","1439.99","4","1442.8","0","1442.5","1","1382.9","4","1440.1","5","1439.99","9","1442.8","4","1442.5","15","1382.9","16","1440.1","13","1439.99","26"
"1454.9","15","1454.6","13","1394.6","44","1452.2","27","1452.08","26","1454.9","2","1454.6","2","1394.6","9","1452.2","15","1452.08","10","1454.9","2","1454.6","0","1394.6","5","1452.2","3","1452.08","6","1454.9","1","1454.6","0","1394.6","6","1452.2","3","1452.08","2","1454.9","4","1454.6","8","1394.6","15","1452.2","14","1452.08","14"
"1467","7","1466.7","11","1406.2","50","1464.3","31","1464.16","31","1467","1","1466.7","6","1406.2","12","1464.3","3","1464.16","7","1467","0","1466.7","4","1406.2","8","1464.3","2","1464.16","6","1467","1","1466.7","3","1406.2","7","1464.3","9","1464.16","4","1467","4","1466.7","6","1406.2","23","1464.3","14","1464.16","27"
"1479.1","6","1478.8","14","1417.8","35","1476.4","19","1476.25","20","1479.1","1","1478.8","5","1417.8","6","1476.4","5","1476.25","8","1479.1","1","1478.8","1","1417.8","6","1476.4","6","1476.25","10","1479.1","0","1478.8","1","1417.8","4","1476.4","5","1476.25","7","1479.1","3","1478.8","5","1417.8","13","1476.4","13","1476.25","26"
"1491.2","4","1490.9","7","1429.4","30","1488.5","24","1488.34","27","1491.2","3","1490.9","0","1429.4","10","1488.5","4","1488.34","10","1491.2","1","1490.9","1","1429.4","5","1488.5","10","1488.34","7","1491.2","1","1490.9","2","1429.4","5","1488.5","3","1488.34","4","1491.2","3","1490.9","4","1429.4","9","1488.5","13","1488.34","19"
"1503.3","6","1503","7","1441","27","1500.6","23","1500.42","29","1503.3","0","1503","3","1441","8","1500.6","2","1500.42","3","1503.3","1","1503","2","1441","3","1500.6","10","1500.42","7","1503.3","1","1503","3","1441","9","1500.6","5","1500.42","4","1503.3","3","1503","6","1441","15","1500.6","9","1500.42","12"
"1515.4","8","1515.1","4","1452.6","22","1512.7","22","1512.51","41","1515.4","0","1515.1","1","1452.6","10","1512.7","3","1512.51","3","1515.4","1","1515.1","1","1452.6","3","1512.7","5","1512.51","3","1515.4","1","1515.1","1","1452.6","6","1512.7","0","1512.51","5","1515.4","3","1515.1","8","1452.6","11","1512.7","8","1512.51","21"
"1527.5","6","1527.2","8","1464.3","22","1524.8","13","1524.59","23","1527.5","0","1527.2","6","1464.3","4","1524.8","5","1524.59","10","1527.5","1","1527.2","4","1464.3","4","1524.8","3","1524.59","6","1527.5","0","1527.2","0","1464.3","4","1524.8","3","1524.59","5","1527.5","1","1527.2","5","1464.3","17","1524.8","5","1524.59","15"
"1539.7","2","1539.3","5","1475.9","12","1536.9","12","1536.68","15","1539.7","1","1539.3","0","1475.9","5","1536.9","3","1536.68","3","1539.7","1","1539.3","1","1475.9","3","1536.9","2","1536.68","4","1539.7","0","1539.3","0","1475.9","3","1536.9","1","1536.68","4","1539.7","1","1539.3","5","1475.9","6","1536.9","11","1536.68","16"
"1551.8","3","1551.4","2","1487.5","17","1548.9","10","1548.77","11","1551.8","0","1551.4","2","1487.5","5","1548.9","2","1548.77","3","1551.8","0","1551.4","1","1487.5","8","1548.9","3","1548.77","7","1551.8","1","1551.4","2","1487.5","4","1548.9","4","1548.77","3","1551.8","0","1551.4","4","1487.5","8","1548.9","8","1548.77","7"
"1563.9","0","1563.5","2","1499.1","26","1561","7","1560.85","8","1563.9","3","1563.5","1","1499.1","3","1561","3","1560.85","4","1563.9","0","1563.5","1","1499.1","4","1561","2","1560.85","5","1563.9","0","1563.5","3","1499.1","5","1561","3","1560.85","1","1563.9","2","1563.5","5","1499.1","13","1561","7","1560.85","6"
"1576","0","1575.6","7","1510.7","7","1573.1","6","1572.94","12","1576","1","1575.6","1","1510.7","2","1573.1","3","1572.94","4","1576","0","1575.6","1","1510.7","4","1573.1","4","1572.94","3","1576","0","1575.6","1","1510.7","5","1573.1","2","1572.94","5","1576","0","1575.6","3","1510.7","6","1573.1","4","1572.94","12"
"1588.1","1","1587.7","3","1522.3","16","1585.2","4","1585.02","5","1588.1","0","1587.7","0","1522.3","7","1585.2","3","1585.02","5","1588.1","1","1587.7","1","1522.3","8","1585.2","5","1585.02","8","1588.1","1","1587.7","0","1522.3","1","1585.2","3","1585.02","1","1588.1","1","1587.7","2","1522.3","6","1585.2","5","1585.02","6"
"1600.2","0","1599.8","0","1533.9","9","1597.3","4","1597.11","5","1600.2","0","1599.8","0","1533.9","4","1597.3","1","1597.11","2","1600.2","0","1599.8","1","1533.9","4","1597.3","4","1597.11","4","1600.2","0","1599.8","2","1533.9","0","1597.3","1","1597.11","2","1600.2","1","1599.8","3","1533.9","10","1597.3","6","1597.11","3"
"1612.3","1","1611.9","2","1545.6","0","1609.4","3","1609.2","6","1612.3","1","1611.9","3","1545.6","2","1609.4","2","1609.2","1","1612.3","0","1611.9","1","1545.6","2","1609.4","1","1609.2","3","1612.3","0","1611.9","1","1545.6","2","1609.4","5","1609.2","1","1612.3","0","1611.9","5","1545.6","3","1609.4","3","1609.2","8"
"1624.4","0","1624","0","1557.2","3","1621.5","5","1621.28","4","1624.4","1","1624","3","1557.2","2","1621.5","1","1621.28","2","1624.4","1","1624","2","1557.2","3","1621.5","4","1621.28","3","1624.4","0","1624","1","1557.2","4","1621.5","2","1621.28","0","1624.4","2","1624","4","1557.2","4","1621.5","4","1621.28","4"
"1636.5","0","1636.1","2","1568.8","4","1633.6","2","1633.37","2","1636.5","0","1636.1","1","1568.8","3","1633.6","2","1633.37","3","1636.5","0","1636.1","2","1568.8","1","1633.6","2","1633.37","5","1636.5","0","1636.1","1","1568.8","3","1633.6","4","1633.37","3","1636.5","1","1636.1","1","1568.8","5","1633.6","8","1633.37","3"
"1648.6","0","1648.2","0","1580.4","2","1645.7","2","1645.45","3","1648.6","0","1648.2","1","1580.4","1","1645.7","3","1645.45","7","1648.6","1","1648.2","1","1580.4","4","1645.7","3","1645.45","1","1648.6","1","1648.2","0","1580.4","3","1645.7","2","1645.45","7","1648.6","2","1648.2","6","1580.4","4","1645.7","3","1645.45","7"
"1660.8","1","1660.4","2","1592","1","1657.7","0","1657.54","6","1660.8","0","1660.4","0","1592","4","1657.7","1","1657.54","3","1660.8","3","1660.4","0","1592","0","1657.7","1","1657.54","2","1660.8","2","1660.4","1","1592","0","1657.7","2","1657.54","1","1660.8","1","1660.4","1","1592","2","1657.7","2","1657.54","5"
"1672.9","2","1672.5","0","1603.6","2","1669.8","4","1669.62","3","1672.9","1","1672.5","4","1603.6","3","1669.8","2","1669.62","1","1672.9","4","1672.5","1","1603.6","1","1669.8","3","1669.62","2","1672.9","1","1672.5","2","1603.6","1","1669.8","2","1669.62","1","1672.9","1","1672.5","2","1603.6","1","1669.8","4","1669.62","6"
"1685","0","1684.6","2","1615.2","2","1681.9","3","1681.71","2","1685","1","1684.6","1","1615.2","3","1681.9","1","1681.71","7","1685","0","1684.6","0","1615.2","2","1681.9","2","1681.71","3","1685","0","1684.6","2","1615.2","1","1681.9","1","1681.71","3","1685","2","1684.6","3","1615.2","5","1681.9","4","1681.71","5"
"1697.1","0","1696.7","1","1626.9","2","1694","3","1693.8","4","1697.1","1","1696.7","0","1626.9","1","1694","1","1693.8","2","1697.1","1","1696.7","2","1626.9","0","1694","0","1693.8","0","1697.1","1","1696.7","1","1626.9","1","1694","4","1693.8","1","1697.1","1","1696.7","1","1626.9","4","1694","1","1693.8","1"
"1709.2","1","1708.8","1","1638.5","4","1706.1","0","1705.88","2","1709.2","0","1708.8","2","1638.5","3","1706.1","1","1705.88","2","1709.2","0","1708.8","0","1638.5","2","1706.1","1","1705.88","0","1709.2","0","1708.8","0","1638.5","2","1706.1","0","1705.88","2","1709.2","1","1708.8","3","1638.5","1","1706.1","6","1705.88","4"
"1721.3","1","1720.9","0","1650.1","2","1718.2","2","1717.97","2","1721.3","0","1720.9","1","1650.1","1","1718.2","4","1717.97","1","1721.3","1","1720.9","0","1650.1","1","1718.2","2","1717.97","0","1721.3","1","1720.9","0","1650.1","3","1718.2","1","1717.97","3","1721.3","1","1720.9","0","1650.1","2","1718.2","1","1717.97","2"
"1733.4","2","1733","0","1661.7","2","1730.3","0","1730.05","0","1733.4","0","1733","0","1661.7","4","1730.3","0","1730.05","1","1733.4","0","1733","0","1661.7","4","1730.3","4","1730.05","5","1733.4","0","1733","1","1661.7","0","1730.3","1","1730.05","2","1733.4","3","1733","1","1661.7","1","1730.3","1","1730.05","6"
"1745.5","1","1745.1","2","1673.3","3","1742.4","3","1742.14","2","1745.5","0","1745.1","1","1673.3","1","1742.4","2","1742.14","0","1745.5","1","1745.1","0","1673.3","1","1742.4","0","1742.14","5","1745.5","0","1745.1","0","1673.3","1","1742.4","3","1742.14","1","1745.5","0","1745.1","0","1673.3","3","1742.4","2","1742.14","4"
"1757.6","0","1757.2","5","1684.9","1","1754.4","2","1754.23","6","1757.6","0","1757.2","0","1684.9","1","1754.4","0","1754.23","4","1757.6","1","1757.2","1","1684.9","2","1754.4","0","1754.23","2","1757.6","1","1757.2","0","1684.9","1","1754.4","2","1754.23","5","1757.6","0","1757.2","0","1684.9","0","1754.4","2","1754.23","2"
"1769.7","1","1769.3","1","1696.6","3","1766.5","2","1766.31","0","1769.7","1","1769.3","1","1696.6","2","1766.5","2","1766.31","3","1769.7","0","1769.3","1","1696.6","1","1766.5","2","1766.31","0","1769.7","0","1769.3","0","1696.6","1","1766.5","1","1766.31","3","1769.7","0","1769.3","0","1696.6","2","1766.5","1","1766.31","4"
"1781.9","0","1781.4","0","1708.2","1","1778.6","2","1778.4","3","1781.9","0","1781.4","2","1708.2","1","1778.6","1","1778.4","1","1781.9","0","1781.4","1","1708.2","2","1778.6","2","1778.4","1","1781.9","0","1781.4","0","1708.2","3","1778.6","0","1778.4","1","1781.9","2","1781.4","1","1708.2","3","1778.6","2","1778.4","1"
"1794","1","1793.5","1","1719.8","4","1790.7","3","1790.48","5","1794","1","1793.5","1","1719.8","4","1790.7","1","1790.48","2","1794","0","1793.5","0","1719.8","0","1790.7","2","1790.48","2","1794","0","1793.5","2","1719.8","2","1790.7","2","1790.48","4","1794","1","1793.5","0","1719.8","3","1790.7","0","1790.48","5"
"1806.1","1","1805.6","0","1731.4","1","1802.8","4","1802.57","5","1806.1","0","1805.6","0","1731.4","3","1802.8","1","1802.57","2","1806.1","0","1805.6","0","1731.4","2","1802.8","4","1802.57","3","1806.1","0","1805.6","0","1731.4","0","1802.8","1","1802.57","2","1806.1","0","1805.6","1","1731.4","3","1802.8","3","1802.57","1"
"1818.2","0","1817.7","3","1743","1","1814.9","1","1814.66","1","1818.2","0","1817.7","1","1743","1","1814.9","1","1814.66","2","1818.2","0","1817.7","2","1743","0","1814.9","0","1814.66","4","1818.2","0","1817.7","2","1743","3","1814.9","2","1814.66","4","1818.2","0","1817.7","1","1743","1","1814.9","1","1814.66","3"
"1830.3","1","1829.8","1","1754.6","0","1827","4","1826.74","3","1830.3","1","1829.8","2","1754.6","2","1827","2","1826.74","1","1830.3","0","1829.8","0","1754.6","1","1827","2","1826.74","2","1830.3","1","1829.8","3","1754.6","0","1827","1","1826.74","1","1830.3","1","1829.8","2","1754.6","0","1827","2","1826.74","1"
"1842.4","1","1841.9","1","1766.2","2","1839.1","3","1838.83","6","1842.4","1","1841.9","1","1766.2","0","1839.1","0","1838.83","2","1842.4","0","1841.9","2","1766.2","0","1839.1","0","1838.83","1","1842.4","0","1841.9","0","1766.2","1","1839.1","1","1838.83","1","1842.4","0","1841.9","0","1766.2","2","1839.1","0","1838.83","2"
"1854.5","0","1854","1","1777.9","0","1851.2","0","1850.91","3","1854.5","0","1854","0","1777.9","2","1851.2","1","1850.91","1","1854.5","0","1854","1","1777.9","0","1851.2","1","1850.91","4","1854.5","0","1854","0","1777.9","1","1851.2","1","1850.91","3","1854.5","0","1854","0","1777.9","0","1851.2","1","1850.91","0"
"1866.6","1","1866.1","1","1789.5","1","1863.2","3","1863","4","1866.6","0","1866.1","1","1789.5","2","1863.2","1","1863","1","1866.6","0","1866.1","1","1789.5","1","1863.2","1","1863","1","1866.6","0","1866.1","0","1789.5","1","1863.2","1","1863","2","1866.6","1","1866.1","1","1789.5","0","1863.2","0","1863","0"
"1878.7","0","1878.2","1","1801.1","3","1875.3","1","1875.09","3","1878.7","1","1878.2","0","1801.1","0","1875.3","4","1875.09","2","1878.7","0","1878.2","0","1801.1","1","1875.3","2","1875.09","2","1878.7","0","1878.2","1","1801.1","1","1875.3","1","1875.09","0","1878.7","0","1878.2","0","1801.1","1","1875.3","2","1875.09","0"
"1890.8","1","1890.4","1","1812.7","0","1887.4","2","1887.17","1","1890.8","0","1890.4","0","1812.7","3","1887.4","0","1887.17","1","1890.8","0","1890.4","0","1812.7","0","1887.4","0","1887.17","0","1890.8","0","1890.4","1","1812.7","2","1887.4","2","1887.17","0","1890.8","1","1890.4","1","1812.7","1","1887.4","2","1887.17","1"
"1903","0","1902.5","1","1824.3","1","1899.5","2","1899.26","1","1903","0","1902.5","0","1824.3","4","1899.5","1","1899.26","0","1903","0","1902.5","0","1824.3","1","1899.5","0","1899.26","0","1903","0","1902.5","2","1824.3","1","1899.5","0","1899.26","1","1903","0","1902.5","3","1824.3","2","1899.5","3","1899.26","2"
"1915.1","1","1914.6","3","1835.9","1","1911.6","1","1911.34","4","1915.1","0","1914.6","2","1835.9","4","1911.6","1","1911.34","1","1915.1","0","1914.6","0","1835.9","1","1911.6","0","1911.34","0","1915.1","0","1914.6","0","1835.9","0","1911.6","1","1911.34","1","1915.1","0","1914.6","1","1835.9","3","1911.6","3","1911.34","1"
"1927.2","0","1926.7","1","1847.5","2","1923.7","2","1923.43","2","1927.2","0","1926.7","0","1847.5","1","1923.7","0","1923.43","0","1927.2","0","1926.7","0","1847.5","1","1923.7","0","1923.43","2","1927.2","1","1926.7","1","1847.5","1","1923.7","1","1923.43","2","1927.2","0","1926.7","2","1847.5","2","1923.7","1","1923.43","0"
"1939.3","0","1938.8","3","1859.2","1","1935.8","1","1935.51","3","1939.3","1","1938.8","0","1859.2","0","1935.8","0","1935.51","1","1939.3","0","1938.8","0","1859.2","2","1935.8","2","1935.51","4","1939.3","0","1938.8","0","1859.2","0","1935.8","1","1935.51","2","1939.3","1","1938.8","1","1859.2","0","1935.8","0","1935.51","1"
"1951.4","0","1950.9","0","1870.8","1","1947.9","3","1947.6","3","1951.4","0","1950.9","1","1870.8","0","1947.9","1","1947.6","1","1951.4","1","1950.9","2","1870.8","0","1947.9","2","1947.6","2","1951.4","0","1950.9","1","1870.8","0","1947.9","3","1947.6","0","1951.4","0","1950.9","0","1870.8","0","1947.9","1","1947.6","1"
"1963.5","1","1963","1","1882.4","1","1959.9","1","1959.69","3","1963.5","0","1963","0","1882.4","2","1959.9","0","1959.69","2","1963.5","0","1963","0","1882.4","0","1959.9","0","1959.69","1","1963.5","0","1963","1","1882.4","3","1959.9","0","1959.69","2","1963.5","1","1963","0","1882.4","1","1959.9","0","1959.69","3"
"1975.6","0","1975.1","1","1894","0","1972","2","1971.77","1","1975.6","0","1975.1","0","1894","1","1972","0","1971.77","1","1975.6","0","1975.1","0","1894","2","1972","1","1971.77","1","1975.6","0","1975.1","0","1894","0","1972","1","1971.77","1","1975.6","2","1975.1","1","1894","0","1972","1","1971.77","2"
"1987.7","1","1987.2","0","1905.6","1","1984.1","3","1983.86","1","1987.7","1","1987.2","1","1905.6","0","1984.1","1","1983.86","3","1987.7","1","1987.2","0","1905.6","0","1984.1","1","1983.86","2","1987.7","0","1987.2","0","1905.6","1","1984.1","0","1983.86","3","1987.7","0","1987.2","0","1905.6","2","1984.1","3","1983.86","1"
"1999.8","0","1999.3","0","1917.2","2","1996.2","1","1995.94","5","1999.8","0","1999.3","0","1917.2","1","1996.2","1","1995.94","4","1999.8","0","1999.3","0","1917.2","0","1996.2","1","1995.94","1","1999.8","0","1999.3","1","1917.2","1","1996.2","3","1995.94","1","1999.8","0","1999.3","1","1917.2","1","1996.2","1","1995.94","2"
"2011.9","0","2011.4","1","1928.9","0","2008.3","1","2008.03","3","2011.9","1","2011.4","0","1928.9","0","2008.3","0","2008.03","5","2011.9","1","2011.4","0","1928.9","1","2008.3","2","2008.03","1","2011.9","0","2011.4","0","1928.9","1","2008.3","2","2008.03","2","2011.9","0","2011.4","0","1928.9","0","2008.3","2","2008.03","2"
"2024.1","0","2023.5","2","1940.5","2","2020.4","3","2020.12","3","2024.1","1","2023.5","1","1940.5","1","2020.4","2","2020.12","2","2024.1","0","2023.5","0","1940.5","0","2020.4","1","2020.12","1","2024.1","1","2023.5","0","1940.5","1","2020.4","0","2020.12","0","2024.1","1","2023.5","0","1940.5","0","2020.4","2","2020.12","2"
"2036.2","0","2035.6","0","1952.1","0","2032.5","1","2032.2","1","2036.2","0","2035.6","0","1952.1","1","2032.5","0","2032.2","3","2036.2","0","2035.6","2","1952.1","1","2032.5","1","2032.2","1","2036.2","0","2035.6","1","1952.1","1","2032.5","0","2032.2","1","2036.2","0","2035.6","1","1952.1","0","2032.5","3","2032.2","1"
"2048.3","1","2047.7","1","1963.7","1","2044.6","2","2044.29","3","2048.3","0","2047.7","1","1963.7","0","2044.6","1","2044.29","0","2048.3","1","2047.7","1","1963.7","0","2044.6","0","2044.29","1","2048.3","1","2047.7","0","1963.7","1","2044.6","4","2044.29","3","2048.3","0","2047.7","0","1963.7","0","2044.6","2","2044.29","0"
"2060.4","0","2059.8","1","1975.3","0","2056.7","3","2056.37","3","2060.4","0","2059.8","1","1975.3","2","2056.7","0","2056.37","2","2060.4","0","2059.8","0","1975.3","0","2056.7","1","2056.37","2","2060.4","0","2059.8","0","1975.3","1","2056.7","2","2056.37","5","2060.4","0","2059.8","0","1975.3","1","2056.7","1","2056.37","1"
"2072.5","0","2071.9","1","1986.9","2","2068.7","2","2068.46","0","2072.5","0","2071.9","1","1986.9","3","2068.7","0","2068.46","1","2072.5","0","2071.9","0","1986.9","0","2068.7","1","2068.46","1","2072.5","0","2071.9","0","1986.9","0","2068.7","1","2068.46","2","2072.5","0","2071.9","0","1986.9","1","2068.7","0","2068.46","3"
"2084.6","0","2084","2","1998.5","2","2080.8","1","2080.55","1","2084.6","0","2084","0","1998.5","1","2080.8","3","2080.55","0","2084.6","0","2084","0","1998.5","0","2080.8","3","2080.55","0","2084.6","0","2084","0","1998.5","0","2080.8","0","2080.55","0","2084.6","0","2084","0","1998.5","0","2080.8","0","2080.55","2"
"2096.7","0","2096.1","2","2010.2","1","2092.9","3","2092.63","0","2096.7","0","2096.1","1","2010.2","1","2092.9","1","2092.63","0","2096.7","1","2096.1","0","2010.2","1","2092.9","0","2092.63","2","2096.7","0","2096.1","0","2010.2","2","2092.9","0","2092.63","1","2096.7","1","2096.1","0","2010.2","2","2092.9","2","2092.63","2"
"2108.8","1","2108.2","0","2021.8","2","2105","1","2104.72","2","2108.8","0","2108.2","0","2021.8","1","2105","0","2104.72","2","2108.8","0","2108.2","2","2021.8","0","2105","0","2104.72","3","2108.8","0","2108.2","1","2021.8","2","2105","4","2104.72","1","2108.8","0","2108.2","0","2021.8","2","2105","0","2104.72","1"
"2120.9","1","2120.4","1","2033.4","0","2117.1","0","2116.8","1","2120.9","0","2120.4","1","2033.4","0","2117.1","2","2116.8","1","2120.9","0","2120.4","1","2033.4","1","2117.1","1","2116.8","1","2120.9","0","2120.4","1","2033.4","1","2117.1","1","2116.8","5","2120.9","1","2120.4","0","2033.4","0","2117.1","0","2116.8","2"
"2133.1","0","2132.5","0","2045","0","2129.2","2","2128.89","1","2133.1","1","2132.5","0","2045","1","2129.2","2","2128.89","0","2133.1","0","2132.5","2","2045","0","2129.2","0","2128.89","1","2133.1","0","2132.5","0","2045","0","2129.2","1","2128.89","1","2133.1","0","2132.5","0","2045","1","2129.2","1","2128.89","1"
"2145.2","0","2144.6","0","2056.6","0","2141.3","1","2140.98","0","2145.2","1","2144.6","1","2056.6","0","2141.3","2","2140.98","1","2145.2","1","2144.6","0","2056.6","2","2141.3","1","2140.98","2","2145.2","0","2144.6","0","2056.6","0","2141.3","1","2140.98","0","2145.2","0","2144.6","0","2056.6","1","2141.3","1","2140.98","0"
"2157.3","0","2156.7","1","2068.2","0","2153.4","0","2153.06","2","2157.3","0","2156.7","0","2068.2","3","2153.4","3","2153.06","0","2157.3","1","2156.7","1","2068.2","0","2153.4","1","2153.06","2","2157.3","0","2156.7","0","2068.2","2","2153.4","1","2153.06","2","2157.3","1","2156.7","1","2068.2","0","2153.4","0","2153.06","2"
"2169.4","0","2168.8","0","2079.8","2","2165.4","2","2165.15","0","2169.4","0","2168.8","0","2079.8","1","2165.4","1","2165.15","0","2169.4","0","2168.8","0","2079.8","1","2165.4","1","2165.15","2","2169.4","2","2168.8","1","2079.8","2","2165.4","0","2165.15","1","2169.4","0","2168.8","2","2079.8","0","2165.4","0","2165.15","2"
"2181.5","0","2180.9","0","2091.5","0","2177.5","3","2177.23","1","2181.5","0","2180.9","0","2091.5","0","2177.5","0","2177.23","3","2181.5","0","2180.9","0","2091.5","0","2177.5","2","2177.23","1","2181.5","0","2180.9","0","2091.5","0","2177.5","2","2177.23","0","2181.5","1","2180.9","1","2091.5","0","2177.5","1","2177.23","0"
"2193.6","2","2193","0","2103.1","1","2189.6","2","2189.32","3","2193.6","0","2193","0","2103.1","0","2189.6","1","2189.32","2","2193.6","0","2193","0","2103.1","0","2189.6","1","2189.32","0","2193.6","0","2193","0","2103.1","1","2189.6","0","2189.32","0","2193.6","0","2193","0","2103.1","2","2189.6","2","2189.32","2"
"2205.7","0","2205.1","1","2114.7","1","2201.7","1","2201.4","2","2205.7","0","2205.1","0","2114.7","1","2201.7","2","2201.4","2","2205.7","0","2205.1","0","2114.7","0","2201.7","1","2201.4","1","2205.7","0","2205.1","1","2114.7","0","2201.7","1","2201.4","1","2205.7","0","2205.1","1","2114.7","1","2201.7","3","2201.4","2"
"2217.8","0","2217.2","1","2126.3","1","2213.8","1","2213.49","3","2217.8","0","2217.2","1","2126.3","1","2213.8","0","2213.49","1","2217.8","1","2217.2","0","2126.3","2","2213.8","0","2213.49","0","2217.8","0","2217.2","0","2126.3","0","2213.8","0","2213.49","1","2217.8","0","2217.2","0","2126.3","1","2213.8","2","2213.49","5"
"2229.9","0","2229.3","0","2137.9","2","2225.9","1","2225.58","2","2229.9","1","2229.3","1","2137.9","0","2225.9","0","2225.58","0","2229.9","0","2229.3","0","2137.9","0","2225.9","1","2225.58","1","2229.9","0","2229.3","1","2137.9","0","2225.9","1","2225.58","0","2229.9","1","2229.3","1","2137.9","2","2225.9","2","2225.58","2"
"2242","0","2241.4","0","2149.5","2","2238","1","2237.66","1","2242","0","2241.4","0","2149.5","1","2238","1","2237.66","2","2242","0","2241.4","1","2149.5","0","2238","0","2237.66","0","2242","0","2241.4","0","2149.5","0","2238","1","2237.66","2","2242","1","2241.4","1","2149.5","2","2238","0","2237.66","0"
"2254.2","0","2253.5","0","2161.2","0","2250.1","1","2249.75","3","2254.2","1","2253.5","1","2161.2","0","2250.1","5","2249.75","1","2254.2","1","2253.5","0","2161.2","3","2250.1","1","2249.75","0","2254.2","0","2253.5","0","2161.2","1","2250.1","1","2249.75","2","2254.2","0","2253.5","0","2161.2","1","2250.1","0","2249.75","1"
"2266.3","0","2265.6","1","2172.8","2","2262.2","0","2261.83","1","2266.3","0","2265.6","0","2172.8","1","2262.2","0","2261.83","1","2266.3","0","2265.6","0","2172.8","0","2262.2","1","2261.83","3","2266.3","0","2265.6","2","2172.8","0","2262.2","0","2261.83","1","2266.3","0","2265.6","0","2172.8","0","2262.2","1","2261.83","1"
"2278.4","1","2277.7","0","2184.4","0","2274.2","2","2273.92","3","2278.4","0","2277.7","3","2184.4","0","2274.2","1","2273.92","0","2278.4","0","2277.7","0","2184.4","2","2274.2","0","2273.92","2","2278.4","1","2277.7","0","2184.4","1","2274.2","1","2273.92","0","2278.4","0","2277.7","0","2184.4","1","2274.2","1","2273.92","0"
"2290.5","2","2289.8","0","2196","0","2286.3","1","2286.01","1","2290.5","0","2289.8","0","2196","0","2286.3","1","2286.01","1","2290.5","0","2289.8","0","2196","1","2286.3","0","2286.01","1","2290.5","0","2289.8","1","2196","1","2286.3","0","2286.01","0","2290.5","0","2289.8","0","2196","2","2286.3","2","2286.01","1"
"2302.6","1","2301.9","0","2207.6","2","2298.4","0","2298.09","3","2302.6","0","2301.9","0","2207.6","1","2298.4","2","2298.09","1","2302.6","1","2301.9","0","2207.6","0","2298.4","1","2298.09","3","2302.6","0","2301.9","0","2207.6","2","2298.4","0","2298.09","0","2302.6","0","2301.9","0","2207.6","1","2298.4","1","2298.09","2"
"2314.7","0","2314","0","2219.2","1","2310.5","2","2310.18","1","2314.7","0","2314","0","2219.2","1","2310.5","0","2310.18","0","2314.7","0","2314","1","2219.2","2","2310.5","0","2310.18","2","2314.7","0","2314","0","2219.2","2","2310.5","1","2310.18","0","2314.7","0","2314","2","2219.2","1","2310.5","0","2310.18","1"
"2326.8","0","2326.1","2","2230.8","2","2322.6","1","2322.26","2","2326.8","0","2326.1","0","2230.8","1","2322.6","2","2322.26","0","2326.8","0","2326.1","0","2230.8","0","2322.6","0","2322.26","2","2326.8","0","2326.1","1","2230.8","2","2322.6","0","2322.26","0","2326.8","1","2326.1","0","2230.8","0","2322.6","1","2322.26","1"
"2338.9","0","2338.3","2","2242.5","1","2334.7","1","2334.35","1","2338.9","0","2338.3","0","2242.5","0","2334.7","0","2334.35","1","2338.9","0","2338.3","0","2242.5","1","2334.7","1","2334.35","0","2338.9","0","2338.3","0","2242.5","1","2334.7","0","2334.35","0","2338.9","0","2338.3","1","2242.5","0","2334.7","0","2334.35","1"
"2351","0","2350.4","0","2254.1","2","2346.8","1","2346.44","1","2351","0","2350.4","0","2254.1","0","2346.8","0","2346.44","0","2351","0","2350.4","0","2254.1","1","2346.8","0","2346.44","1","2351","0","2350.4","1","2254.1","1","2346.8","0","2346.44","0","2351","0","2350.4","0","2254.1","1","2346.8","2","2346.44","3"
"2363.1","0","2362.5","0","2265.7","0","2358.9","0","2358.52","0","2363.1","0","2362.5","1","2265.7","1","2358.9","0","2358.52","1","2363.1","0","2362.5","0","2265.7","0","2358.9","1","2358.52","0","2363.1","0","2362.5","1","2265.7","1","2358.9","1","2358.52","2","2363.1","0","2362.5","0","2265.7","0","2358.9","0","2358.52","0"
"2375.3","1","2374.6","0","2277.3","0","2371","2","2370.61","1","2375.3","0","2374.6","0","2277.3","0","2371","0","2370.61","1","2375.3","1","2374.6","0","2277.3","1","2371","0","2370.61","1","2375.3","0","2374.6","1","2277.3","1","2371","0","2370.61","0","2375.3","0","2374.6","0","2277.3","0","2371","0","2370.61","2"
"2387.4","1","2386.7","0","2288.9","0","2383","0","2382.69","1","2387.4","0","2386.7","0","2288.9","1","2383","0","2382.69","2","2387.4","1","2386.7","0","2288.9","1","2383","1","2382.69","0","2387.4","0","2386.7","0","2288.9","3","2383","0","2382.69","1","2387.4","0","2386.7","1","2288.9","3","2383","0","2382.69","0"
"2399.5","0","2398.8","0","2300.5","0","2395.1","1","2394.78","0","2399.5","0","2398.8","0","2300.5","0","2395.1","1","2394.78","0","2399.5","0","2398.8","0","2300.5","0","2395.1","3","2394.78","0","2399.5","0","2398.8","0","2300.5","0","2395.1","0","2394.78","4","2399.5","0","2398.8","0","2300.5","1","2395.1","0","2394.78","0"
"2411.6","0","2410.9","0","2312.1","3","2407.2","0","2406.87","0","2411.6","0","2410.9","1","2312.1","1","2407.2","1","2406.87","0","2411.6","0","2410.9","0","2312.1","0","2407.2","3","2406.87","2","2411.6","0","2410.9","0","2312.1","1","2407.2","0","2406.87","1","2411.6","1","2410.9","0","2312.1","2","2407.2","1","2406.87","0"
"2423.7","0","2423","0","2323.8","1","2419.3","1","2418.95","2","2423.7","0","2423","0","2323.8","3","2419.3","3","2418.95","0","2423.7","0","2423","1","2323.8","1","2419.3","0","2418.95","1","2423.7","0","2423","0","2323.8","2","2419.3","0","2418.95","0","2423.7","0","2423","0","2323.8","0","2419.3","0","2418.95","1"
"2435.8","1","2435.1","0","2335.4","2","2431.4","0","2431.04","1","2435.8","0","2435.1","1","2335.4","1","2431.4","1","2431.04","2","2435.8","0","2435.1","1","2335.4","0","2431.4","1","2431.04","1","2435.8","0","2435.1","0","2335.4","0","2431.4","2","2431.04","1","2435.8","0","2435.1","0","2335.4","1","2431.4","0","2431.04","0"
"2447.9","0","2447.2","0","2347","1","2443.5","0","2443.12","1","2447.9","0","2447.2","0","2347","2","2443.5","0","2443.12","5","2447.9","0","2447.2","1","2347","1","2443.5","1","2443.12","3","2447.9","0","2447.2","0","2347","1","2443.5","1","2443.12","1","2447.9","0","2447.2","0","2347","0","2443.5","0","2443.12","2"
"2460","0","2459.3","3","2358.6","0","2455.6","2","2455.21","0","2460","0","2459.3","0","2358.6","1","2455.6","1","2455.21","1","2460","0","2459.3","0","2358.6","2","2455.6","2","2455.21","2","2460","0","2459.3","0","2358.6","0","2455.6","0","2455.21","2","2460","0","2459.3","0","2358.6","0","2455.6","2","2455.21","0"
"2472.1","0","2471.4","0","2370.2","0","2467.7","0","2467.29","2","2472.1","0","2471.4","0","2370.2","1","2467.7","0","2467.29","1","2472.1","1","2471.4","0","2370.2","0","2467.7","0","2467.29","1","2472.1","0","2471.4","0","2370.2","1","2467.7","0","2467.29","1","2472.1","0","2471.4","0","2370.2","0","2467.7","0","2467.29","0"
"2484.2","0","2483.5","0","2381.8","1","2479.7","1","2479.38","0","2484.2","0","2483.5","0","2381.8","0","2479.7","2","2479.38","0","2484.2","0","2483.5","0","2381.8","0","2479.7","3","2479.38","2","2484.2","0","2483.5","0","2381.8","1","2479.7","0","2479.38","0","2484.2","0","2483.5","2","2381.8","2","2479.7","0","2479.38","0"
"2496.4","0","2495.6","1","2393.5","1","2491.8","0","2491.47","1","2496.4","0","2495.6","1","2393.5","0","2491.8","2","2491.47","1","2496.4","1","2495.6","1","2393.5","1","2491.8","0","2491.47","1","2496.4","0","2495.6","0","2393.5","0","2491.8","1","2491.47","2","2496.4","0","2495.6","0","2393.5","1","2491.8","2","2491.47","0"
"2508.5","0","2507.7","2","2405.1","1","2503.9","2","2503.55","2","2508.5","0","2507.7","0","2405.1","1","2503.9","1","2503.55","2","2508.5","0","2507.7","0","2405.1","0","2503.9","1","2503.55","0","2508.5","1","2507.7","0","2405.1","2","2503.9","0","2503.55","0","2508.5","0","2507.7","2","2405.1","0","2503.9","0","2503.55","1"
"2520.6","0","2519.8","0","2416.7","1","2516","0","2515.64","0","2520.6","0","2519.8","1","2416.7","1","2516","2","2515.64","1","2520.6","0","2519.8","1","2416.7","0","2516","1","2515.64","0","2520.6","0","2519.8","0","2416.7","0","2516","0","2515.64","0","2520.6","0","2519.8","0","2416.7","1","2516","2","2515.64","1"
"2532.7","0","2531.9","1","2428.3","0","2528.1","0","2527.72","0","2532.7","0","2531.9","0","2428.3","0","2528.1","0","2527.72","1","2532.7","0","2531.9","0","2428.3","0","2528.1","2","2527.72","1","2532.7","0","2531.9","0","2428.3","0","2528.1","3","2527.72","2","2532.7","0","2531.9","2","2428.3","1","2528.1","0","2527.72","1"
"2544.8","0","2544","1","2439.9","0","2540.2","0","2539.81","1","2544.8","0","2544","0","2439.9","0","2540.2","0","2539.81","2","2544.8","0","2544","0","2439.9","0","2540.2","2","2539.81","1","2544.8","0","2544","0","2439.9","1","2540.2","2","2539.81","3","2544.8","1","2544","0","2439.9","0","2540.2","0","2539.81","0"
"2556.9","0","2556.1","0","2451.5","0","2552.3","0","2551.9","3","2556.9","0","2556.1","0","2451.5","1","2552.3","0","2551.9","0","2556.9","0","2556.1","1","2451.5","1","2552.3","2","2551.9","1","2556.9","0","2556.1","0","2451.5","1","2552.3","2","2551.9","1","2556.9","0","2556.1","0","2451.5","0","2552.3","1","2551.9","1"
"2569","0","2568.3","0","2463.1","0","2564.4","0","2563.98","2","2569","0","2568.3","1","2463.1","1","2564.4","0","2563.98","1","2569","0","2568.3","1","2463.1","0","2564.4","2","2563.98","1","2569","0","2568.3","0","2463.1","2","2564.4","1","2563.98","1","2569","0","2568.3","0","2463.1","2","2564.4","0","2563.98","1"
"2581.1","0","2580.4","0","2474.8","0","2576.5","0","2576.07","3","2581.1","0","2580.4","1","2474.8","0","2576.5","1","2576.07","1","2581.1","0","2580.4","0","2474.8","0","2576.5","0","2576.07","0","2581.1","1","2580.4","0","2474.8","1","2576.5","1","2576.07","1","2581.1","0","2580.4","2","2474.8","0","2576.5","1","2576.07","0"
"2593.2","1","2592.5","0","2486.4","0","2588.5","1","2588.15","2","2593.2","0","2592.5","0","2486.4","0","2588.5","1","2588.15","1","2593.2","1","2592.5","0","2486.4","1","2588.5","1","2588.15","0","2593.2","1","2592.5","0","2486.4","1","2588.5","1","2588.15","0","2593.2","0","2592.5","0","2486.4","1","2588.5","0","2588.15","1"
"2605.3","0","2604.6","0","2498","1","2600.6","1","2600.24","1","2605.3","0","2604.6","0","2498","0","2600.6","0","2600.24","0","2605.3","0","2604.6","1","2498","0","2600.6","0","2600.24","0","2605.3","0","2604.6","0","2498","1","2600.6","0","2600.24","1","2605.3","0","2604.6","0","2498","0","2600.6","1","2600.24","0"
"2617.5","1","2616.7","0","2509.6","0","2612.7","0","2612.33","1","2617.5","0","2616.7","0","2509.6","1","2612.7","0","2612.33","0","2617.5","0","2616.7","0","2509.6","0","2612.7","0","2612.33","0","2617.5","0","2616.7","0","2509.6","1","2612.7","0","2612.33","1","2617.5","0","2616.7","0","2509.6","0","2612.7","2","2612.33","0"
"2629.6","0","2628.8","2","2521.2","1","2624.8","1","2624.41","1","2629.6","1","2628.8","1","2521.2","0","2624.8","0","2624.41","0","2629.6","0","2628.8","0","2521.2","0","2624.8","0","2624.41","0","2629.6","0","2628.8","0","2521.2","0","2624.8","2","2624.41","0","2629.6","0","2628.8","0","2521.2","0","2624.8","0","2624.41","0"
"2641.7","0","2640.9","0","2532.8","0","2636.9","0","2636.5","0","2641.7","0","2640.9","0","2532.8","1","2636.9","0","2636.5","0","2641.7","0","2640.9","0","2532.8","0","2636.9","1","2636.5","0","2641.7","0","2640.9","0","2532.8","3","2636.9","0","2636.5","1","2641.7","0","2640.9","0","2532.8","0","2636.9","1","2636.5","0"
"2653.8","0","2653","1","2544.4","0","2649","0","2648.58","0","2653.8","0","2653","2","2544.4","0","2649","1","2648.58","0","2653.8","0","2653","0","2544.4","0","2649","0","2648.58","1","2653.8","0","2653","0","2544.4","0","2649","0","2648.58","1","2653.8","0","2653","0","2544.4","1","2649","1","2648.58","2"
"2665.9","0","2665.1","0","2556.1","0","2661.1","1","2660.67","0","2665.9","0","2665.1","0","2556.1","1","2661.1","0","2660.67","0","2665.9","0","2665.1","0","2556.1","0","2661.1","0","2660.67","1","2665.9","0","2665.1","0","2556.1","1","2661.1","0","2660.67","1","2665.9","0","2665.1","0","2556.1","1","2661.1","0","2660.67","0"
"2678","0","2677.2","0","2567.7","1","2673.2","1","2672.76","1","2678","0","2677.2","0","2567.7","0","2673.2","0","2672.76","0","2678","1","2677.2","0","2567.7","0","2673.2","1","2672.76","0","2678","0","2677.2","0","2567.7","0","2673.2","0","2672.76","1","2678","0","2677.2","0","2567.7","0","2673.2","0","2672.76","1"
"2690.1","0","2689.3","0","2579.3","0","2685.2","1","2684.84","0","2690.1","0","2689.3","0","2579.3","1","2685.2","0","2684.84","0","2690.1","0","2689.3","0","2579.3","0","2685.2","0","2684.84","0","2690.1","0","2689.3","0","2579.3","0","2685.2","1","2684.84","1","2690.1","0","2689.3","1","2579.3","0","2685.2","1","2684.84","0"
"2702.2","0","2701.4","1","2590.9","2","2697.3","0","2696.93","0","2702.2","0","2701.4","2","2590.9","0","2697.3","0","2696.93","0","2702.2","0","2701.4","1","2590.9","0","2697.3","2","2696.93","0","2702.2","0","2701.4","0","2590.9","2","2697.3","0","2696.93","0","2702.2","0","2701.4","0","2590.9","0","2697.3","1","2696.93","1"
"2714.3","0","2713.5","0","2602.5","2","2709.4","1","2709.01","0","2714.3","0","2713.5","1","2602.5","0","2709.4","1","2709.01","0","2714.3","0","2713.5","0","2602.5","0","2709.4","0","2709.01","3","2714.3","1","2713.5","0","2602.5","0","2709.4","0","2709.01","0","2714.3","0","2713.5","0","2602.5","0","2709.4","2","2709.01","0"
"2726.5","0","2725.6","1","2614.1","0","2721.5","0","2721.1","0","2726.5","0","2725.6","0","2614.1","0","2721.5","0","2721.1","0","2726.5","0","2725.6","0","2614.1","0","2721.5","0","2721.1","1","2726.5","0","2725.6","0","2614.1","0","2721.5","0","2721.1","1","2726.5","0","2725.6","0","2614.1","0","2721.5","0","2721.1","0"
"2738.6","0","2737.7","0","2625.8","0","2733.6","0","2733.18","0","2738.6","0","2737.7","0","2625.8","0","2733.6","0","2733.18","0","2738.6","0","2737.7","0","2625.8","0","2733.6","0","2733.18","0","2738.6","0","2737.7","0","2625.8","1","2733.6","0","2733.18","0","2738.6","1","2737.7","0","2625.8","1","2733.6","0","2733.18","1"
"2750.7","0","2749.8","0","2637.4","2","2745.7","0","2745.27","0","2750.7","0","2749.8","0","2637.4","0","2745.7","0","2745.27","0","2750.7","0","2749.8","0","2637.4","0","2745.7","0","2745.27","0","2750.7","0","2749.8","0","2637.4","0","2745.7","0","2745.27","0","2750.7","0","2749.8","0","2637.4","0","2745.7","0","2745.27","0"
"2762.8","0","2761.9","0","2649","0","2757.8","0","2757.36","0","2762.8","0","2761.9","1","2649","0","2757.8","0","2757.36","0","2762.8","0","2761.9","0","2649","0","2757.8","0","2757.36","0","2762.8","0","2761.9","0","2649","0","2757.8","0","2757.36","0","2762.8","0","2761.9","0","2649","0","2757.8","0","2757.36","0"
"2774.9","1","2774","0","2660.6","0","2769.9","0","2769.44","0","2774.9","0","2774","0","2660.6","1","2769.9","0","2769.44","0","2774.9","0","2774","0","2660.6","0","2769.9","0","2769.44","0","2774.9","0","2774","0","2660.6","0","2769.9","0","2769.44","0","2774.9","0","2774","0","2660.6","1","2769.9","0","2769.44","0"
"2787","0","2786.1","0","2672.2","1","2782","0","2781.53","0","2787","1","2786.1","0","2672.2","0","2782","0","2781.53","0","2787","1","2786.1","0","2672.2","0","2782","0","2781.53","0","2787","0","2786.1","0","2672.2","0","2782","0","2781.53","0","2787","0","2786.1","0","2672.2","0","2782","0","2781.53","0"
"2799.1","0","2798.3","0","2683.8","0","2794","1","2793.61","0","2799.1","0","2798.3","0","2683.8","0","2794","0","2793.61","0","2799.1","0","2798.3","0","2683.8","2","2794","1","2793.61","1","2799.1","0","2798.3","0","2683.8","1","2794","0","2793.61","0","2799.1","0","2798.3","0","2683.8","0","2794","0","2793.61","0"
"2811.2","0","2810.4","0","2695.4","0","2806.1","0","2805.7","2","2811.2","0","2810.4","1","2695.4","0","2806.1","0","2805.7","0","2811.2","0","2810.4","0","2695.4","0","2806.1","0","2805.7","1","2811.2","0","2810.4","0","2695.4","0","2806.1","0","2805.7","0","2811.2","0","2810.4","0","2695.4","0","2806.1","0","2805.7","1"
"2823.3","0","2822.5","0","2707.1","0","2818.2","1","2817.79","0","2823.3","0","2822.5","0","2707.1","0","2818.2","0","2817.79","1","2823.3","0","2822.5","0","2707.1","0","2818.2","0","2817.79","1","2823.3","0","2822.5","0","2707.1","1","2818.2","1","2817.79","0","2823.3","0","2822.5","0","2707.1","0","2818.2","0","2817.79","0"
"2835.4","0","2834.6","0","2718.7","1","2830.3","0","2829.87","1","2835.4","0","2834.6","0","2718.7","0","2830.3","2","2829.87","0","2835.4","0","2834.6","0","2718.7","0","2830.3","0","2829.87","1","2835.4","0","2834.6","0","2718.7","0","2830.3","0","2829.87","0","2835.4","0","2834.6","0","2718.7","0","2830.3","0","2829.87","0"
"2847.6","1","2846.7","0","2730.3","0","2842.4","0","2841.96","0","2847.6","0","2846.7","0","2730.3","0","2842.4","0","2841.96","1","2847.6","0","2846.7","0","2730.3","0","2842.4","0","2841.96","0","2847.6","0","2846.7","0","2730.3","0","2842.4","0","2841.96","1","2847.6","0","2846.7","0","2730.3","0","2842.4","0","2841.96","0"
"2859.7","0","2858.8","0","2741.9","0","2854.5","0","2854.04","0","2859.7","0","2858.8","0","2741.9","0","2854.5","0","2854.04","0","2859.7","0","2858.8","0","2741.9","0","2854.5","0","2854.04","1","2859.7","1","2858.8","0","2741.9","0","2854.5","0","2854.04","1","2859.7","0","2858.8","0","2741.9","0","2854.5","0","2854.04","1"
"2871.8","1","2870.9","0","2753.5","2","2866.6","0","2866.13","0","2871.8","0","2870.9","0","2753.5","0","2866.6","0","2866.13","0","2871.8","0","2870.9","0","2753.5","0","2866.6","0","2866.13","0","2871.8","0","2870.9","0","2753.5","0","2866.6","0","2866.13","1","2871.8","0","2870.9","0","2753.5","1","2866.6","0","2866.13","0"
"2883.9","0","2883","0","2765.1","0","2878.7","0","2878.22","0","2883.9","0","2883","0","2765.1","1","2878.7","0","2878.22","0","2883.9","0","2883","1","2765.1","0","2878.7","0","2878.22","0","2883.9","0","2883","0","2765.1","0","2878.7","0","2878.22","1","2883.9","0","2883","0","2765.1","0","2878.7","0","2878.22","0"
"2896","0","2895.1","0","2776.7","0","2890.7","0","2890.3","0","2896","0","2895.1","1","2776.7","0","2890.7","0","2890.3","0","2896","0","2895.1","0","2776.7","0","2890.7","0","2890.3","0","2896","0","2895.1","0","2776.7","0","2890.7","1","2890.3","0","2896","0","2895.1","0","2776.7","0","2890.7","1","2890.3","1"
"2908.1","0","2907.2","1","2788.4","0","2902.8","0","2902.39","0","2908.1","0","2907.2","0","2788.4","0","2902.8","0","2902.39","0","2908.1","0","2907.2","1","2788.4","0","2902.8","0","2902.39","0","2908.1","0","2907.2","0","2788.4","0","2902.8","0","2902.39","0","2908.1","0","2907.2","0","2788.4","0","2902.8","0","2902.39","0"
"2920.2","0","2919.3","0","2800","0","2914.9","0","2914.47","0","2920.2","1","2919.3","0","2800","0","2914.9","1","2914.47","0","2920.2","0","2919.3","0","2800","0","2914.9","0","2914.47","0","2920.2","0","2919.3","0","2800","0","2914.9","0","2914.47","0","2920.2","0","2919.3","0","2800","0","2914.9","1","2914.47","0"
"2932.3","0","2931.4","0","2811.6","0","2927","0","2926.56","0","2932.3","0","2931.4","0","2811.6","0","2927","0","2926.56","0","2932.3","0","2931.4","0","2811.6","1","2927","1","2926.56","0","2932.3","0","2931.4","0","2811.6","0","2927","1","2926.56","0","2932.3","0","2931.4","0","2811.6","0","2927","0","2926.56","0"
"2944.4","0","2943.5","0","2823.2","1","2939.1","1","2938.65","0","2944.4","1","2943.5","0","2823.2","0","2939.1","0","2938.65","0","2944.4","0","2943.5","0","2823.2","0","2939.1","0","2938.65","0","2944.4","0","2943.5","0","2823.2","0","2939.1","0","2938.65","0","2944.4","0","2943.5","0","2823.2","0","2939.1","1","2938.65","0"
"2956.5","0","2955.6","0","2834.8","0","2951.2","0","2950.73","0","2956.5","0","2955.6","0","2834.8","0","2951.2","0","2950.73","1","2956.5","0","2955.6","0","2834.8","0","2951.2","0","2950.73","0","2956.5","0","2955.6","0","2834.8","0","2951.2","1","2950.73","0","2956.5","0","2955.6","0","2834.8","0","2951.2","0","2950.73","0"
"2968.7","0","2967.7","0","2846.4","0","2963.3","0","2962.82","2","2968.7","0","2967.7","1","2846.4","0","2963.3","0","2962.82","0","2968.7","0","2967.7","0","2846.4","0","2963.3","0","2962.82","0","2968.7","0","2967.7","0","2846.4","0","2963.3","2","2962.82","1","2968.7","0","2967.7","0","2846.4","0","2963.3","1","2962.82","0"
"2980.8","0","2979.8","0","2858.1","0","2975.4","0","2974.9","0","2980.8","0","2979.8","0","2858.1","0","2975.4","1","2974.9","0","2980.8","0","2979.8","0","2858.1","0","2975.4","0","2974.9","0","2980.8","0","2979.8","0","2858.1","0","2975.4","1","2974.9","0","2980.8","0","2979.8","0","2858.1","0","2975.4","0","2974.9","0"
"2992.9","0","2991.9","0","2869.7","0","2987.5","0","2986.99","0","2992.9","0","2991.9","0","2869.7","0","2987.5","0","2986.99","0","2992.9","0","2991.9","0","2869.7","0","2987.5","0","2986.99","0","2992.9","0","2991.9","0","2869.7","0","2987.5","0","2986.99","0","2992.9","0","2991.9","0","2869.7","0","2987.5","0","2986.99","1"
"3005","0","3004","0","2881.3","1","2999.5","0","2999.07","0","3005","0","3004","1","2881.3","1","2999.5","0","2999.07","0","3005","0","3004","0","2881.3","0","2999.5","0","2999.07","1","3005","0","3004","0","2881.3","0","2999.5","0","2999.07","0","3005","0","3004","0","2881.3","0","2999.5","0","2999.07","0"
"3017.1","0","3016.2","0","2892.9","0","3011.6","0","3011.16","0","3017.1","0","3016.2","0","2892.9","0","3011.6","0","3011.16","1","3017.1","0","3016.2","0","2892.9","0","3011.6","0","3011.16","0","3017.1","0","3016.2","0","2892.9","0","3011.6","0","3011.16","0","3017.1","0","3016.2","0","2892.9","0","3011.6","0","3011.16","0"
"3029.2","0","3028.3","0","2904.5","0","3023.7","0","3023.25","0","3029.2","0","3028.3","0","2904.5","0","3023.7","0","3023.25","0","3029.2","0","3028.3","0","2904.5","0","3023.7","0","3023.25","0","3029.2","0","3028.3","0","2904.5","0","3023.7","0","3023.25","0","3029.2","0","3028.3","0","2904.5","0","3023.7","0","3023.25","0"
"3041.3","0","3040.4","0","2916.1","1","3035.8","0","3035.33","0","3041.3","0","3040.4","0","2916.1","0","3035.8","1","3035.33","0","3041.3","0","3040.4","0","2916.1","1","3035.8","0","3035.33","0","3041.3","0","3040.4","0","2916.1","0","3035.8","0","3035.33","0","3041.3","0","3040.4","0","2916.1","0","3035.8","0","3035.33","1"
"3053.4","0","3052.5","0","2927.7","1","3047.9","0","3047.42","0","3053.4","0","3052.5","0","2927.7","0","3047.9","0","3047.42","0","3053.4","0","3052.5","0","2927.7","0","3047.9","0","3047.42","0","3053.4","0","3052.5","0","2927.7","0","3047.9","0","3047.42","0","3053.4","0","3052.5","0","2927.7","0","3047.9","0","3047.42","0"
"3065.5","15","3064.6","32","2939.4","51","3060","63","3059.5","76","3065.5","10","3064.6","27","2939.4","47","3060","52","3059.5","80","3065.5","15","3064.6","22","2939.4","34","3060","67","3059.5","72","3065.5","11","3064.6","22","2939.4","46","3060","69","3059.5","54","3065.5","9","3064.6","28","2939.4","37","3060","65","3059.5","77"
